odorant,timestamp,event,request_text
Benz Sal,2026-07-30T17:01:08.508361+00:00,compose,lemon pie fresh out of the oven
Benz Sal,2026-07-30T17:09:47.880790+00:00,compose,honeyed
Benz Sal,2026-07-30T17:09:54.603653+00:00,compose,honeyed
Benz Sal,2026-07-30T17:09:56.526564+00:00,compose,honeyed
Benz Sal,2026-07-30T17:10:02.289646+00:00,compose,honeyed
Benz Sal,2026-07-30T17:12:13.124291+00:00,compose,lemon pie fresh out of the oven
Benz Sal,2026-07-30T17:13:54.722909+00:00,compose,honeyed
Benz Sal,2026-07-30T17:14:08.302502+00:00,compose,honey
Benz Sal,2026-07-30T17:15:03.481293+00:00,compose,toasty
Benz Sal,2026-07-30T17:17:25.671006+00:00,compose,perfume
Benz Sal,2026-07-30T17:17:31.817372+00:00,compose,perfume
Benz Sal,2026-07-30T17:19:25.071419+00:00,compose,fresh-bread
Benz Sal,2026-07-30T17:19:36.643488+00:00,compose,fresh-bread
Benz Sal,2026-07-30T17:21:50.909951+00:00,compose,lemon pie fresh out of the oven
Benz Sal,2026-07-30T17:23:01.742379+00:00,compose,fresh-bread
Benz Sal,2026-07-30T17:23:09.960824+00:00,compose,fresh-bread
Benz Sal,2026-07-30T17:24:05.727939+00:00,compose,lemon pie fresh out of the oven
Benz Sal,2026-07-30T17:24:24.596258+00:00,compose,fresh-bread
Benz Sal,2026-07-30T17:24:39.550344+00:00,compose,fresh-bread
Benz Sal,2026-07-30T17:24:50.610241+00:00,compose,fresh-bread
Benz Sal,2026-07-30T17:26:24.465356+00:00,compose,perfume
Benz Sal,2026-07-30T17:27:33.837927+00:00,compose,maple-syrup
Benz Sal,2026-07-30T17:27:47.405585+00:00,compose,maple-syrup
Benz Sal,2026-07-30T17:28:59.478554+00:00,compose,jasmine
Benz Sal,2026-07-30T17:39:41.423705+00:00,compose,Bacon cheeseburger
Benz Sal,2026-07-30T17:39:44.991487+00:00,compose,Bacon cheeseburger
Benz Sal,2026-07-30T17:39:46.526024+00:00,compose,Bacon cheeseburger
Benz Sal,2026-07-30T17:39:58.916611+00:00,compose,Bacon cheeseburger
Benz Sal,2026-07-30T17:40:13.859797+00:00,compose,Bacon cheeseburger
Benz Sal,2026-07-30T17:41:16.049137+00:00,compose,Bacon cheeseburger
Benz Sal,2026-07-30T17:46:21.562507+00:00,compose,Hazelnut ice cream
Benz Sal,2026-07-30T17:47:45.465544+00:00,compose,Brazilian brigadeiro
Benz Sal,2026-07-30T17:49:59.105777+00:00,compose,Key Lime pie
Benz Sal,2026-07-30T17:50:23.032460+00:00,compose,Key Lime pie
Benz Sal,2026-07-30T17:50:36.473408+00:00,compose,Key Lime pie
Benz Sal,2026-07-30T17:51:00.330713+00:00,compose,Key Lime pie
Benz Sal,2026-07-30T17:55:13.053470+00:00,compose,latte
Benz Sal,2026-07-30T17:55:19.412323+00:00,compose,latte
Benz Sal,2026-07-30T17:56:26.796854+00:00,compose,Chocolate
Benz Sal,2026-07-30T17:56:33.983909+00:00,compose,Chocolate
Benz Sal,2026-07-30T17:56:39.145298+00:00,compose,Chocolate
Benz Sal,2026-07-30T17:58:01.893960+00:00,compose,Cheese pizza
Benz Sal,2026-07-30T17:58:10.068545+00:00,compose,Cheese pizza
Benz Sal,2026-07-30T17:58:32.682619+00:00,compose,Cheese pizza
Benz Sal,2026-07-30T17:59:00.117137+00:00,compose,Strawberry milkshake
Benz Sal,2026-07-30T17:59:06.903065+00:00,compose,Strawberry milkshake
Benz Sal,2026-07-30T18:01:07.833899+00:00,compose,Hazelnut ice cream
Benz Sal,2026-07-30T18:15:37.640418+00:00,compose,Rosemary
Benz Sal,2026-07-30T18:21:20.029262+00:00,compose,lemon pie fresh out of the oven
Benz Sal,2026-07-30T18:34:27.918607+00:00,compose,strawberry ice cream
Benz Sal,2026-07-30T18:34:29.557185+00:00,compose,strawberry ice cream
Benz Sal,2026-07-30T18:34:48.581608+00:00,compose,strawberry ice cream
Benz Sal,2026-07-30T18:34:53.683169+00:00,compose,strawberry ice cream
Benz Sal,2026-07-30T18:40:21.517551+00:00,compose,Chanel No. 5
Benz Sal,2026-07-30T18:42:41.925018+00:00,compose,Nostalgia
Benz Sal,2026-07-30T18:43:09.195242+00:00,compose,Nostalgia
Benz Sal,2026-07-30T18:43:16.566663+00:00,compose,Nostalgia
Benz Sal,2026-07-30T19:17:48.783397+00:00,compose,sandalwood
Benz Sal,2026-07-30T19:18:10.220797+00:00,compose,sandalwood
Benz Sal,2026-07-30T19:27:41.700679+00:00,compose,woodsmoke
Benz Sal,2026-07-30T19:28:02.260172+00:00,compose,woodsmoke
Benz Sal,2026-07-30T19:28:08.927430+00:00,compose,woodsmoke
Benz Sal,2026-07-30T19:28:22.502284+00:00,compose,woodsmoke
Benz Sal,2026-07-30T19:31:18.447807+00:00,compose,jasmine
Benz Sal,2026-07-30T19:32:34.719837+00:00,compose,jasmine
Benz Sal,2026-07-30T19:32:38.109160+00:00,compose,jasmine
Benz Sal,2026-07-30T19:33:50.097760+00:00,compose,jasmine
Benz Sal,2026-07-30T19:34:33.867149+00:00,compose,jasmine
Benz Sal,2026-07-30T19:36:53.197906+00:00,compose,eucalyptus
Benz Sal,2026-07-30T19:46:55.108611+00:00,compose,toasty
Benz Sal,2026-07-30T19:47:16.335579+00:00,compose,toasty
Benz Sal,2026-07-30T20:09:09.046970+00:00,compose,cinnamon
Benz Sal,2026-07-30T20:11:03.846389+00:00,compose,aftershave
Benz Sal,2026-07-30T20:18:46.424212+00:00,compose,nail-polisher
Benz Sal,2026-07-30T20:18:54.951868+00:00,compose,nail-polisher
Benz Sal,2026-07-30T20:19:00.367662+00:00,compose,nail-polisher
Benz Sal,2026-07-30T20:35:24.950663+00:00,compose,woodsmoke
Benz Sal,2026-07-30T20:37:05.816526+00:00,compose,fresh bread
Benz Sal,2026-07-30T20:37:31.414213+00:00,compose,fresh bread
Benz Sal,2026-07-30T20:37:40.983784+00:00,compose,fresh bread
Benz Sal,2026-07-30T20:40:29.468593+00:00,compose,jasmine
Benz Sal,2026-07-30T20:40:55.703714+00:00,compose,jasmine
Benz Sal,2026-07-30T20:41:00.591733+00:00,compose,jasmine
Benz Sal,2026-07-30T20:41:01.993508+00:00,compose,flower
Benz Sal,2026-07-30T20:41:07.559084+00:00,compose,jasmine
Benz Sal,2026-07-30T20:45:06.713590+00:00,compose,Vanilla
Benz Sal,2026-07-30T20:45:17.054103+00:00,compose,Vanilla
Benz Sal,2026-07-30T20:45:24.341416+00:00,compose,sweet
Benz Sal,2026-07-30T20:49:35.099175+00:00,compose,saffron
Benz Sal,2026-07-30T20:49:37.867711+00:00,compose,flower
Benz Sal,2026-07-30T20:49:41.859084+00:00,compose,saffron
Benz Sal,2026-07-30T21:05:40.438276+00:00,compose,perfume
Benz Sal,2026-07-30T21:13:00.046042+00:00,compose,aftershave
Benz Sal,2026-07-30T21:32:17.735541+00:00,compose,Orange blossom
Benz Sal,2026-07-30T21:36:47.646461+00:00,compose,Paris cafe
Benz Sal,2026-07-30T21:38:25.231142+00:00,compose,Sweet and Sour Pork
Benz Sal,2026-07-31T18:24:42.818184+00:00,compose,sweet
Benz Sal,2026-07-31T18:41:18.738146+00:00,compose,guava
Benz Sal,2026-07-31T18:44:34.728777+00:00,compose,Maple-syrup
Benz Sal,2026-07-31T18:44:40.483374+00:00,compose,Maple syrup
Benz Sal,2026-07-31T18:44:49.573452+00:00,compose,Maple syrup
Benz Sal,2026-07-31T18:56:04.902078+00:00,compose,nail-polisher
Benz Sal,2026-07-31T18:56:47.297787+00:00,compose,nail-polisher
Benz Sal,2026-07-31T19:14:56.471181+00:00,compose,Watermelon
Benz Sal,2026-07-31T19:20:36.009081+00:00,compose,Ofada Rice
Benz Sal,2026-08-01T23:57:43.357523+00:00,compose,vanilla ice cream
Benz Sal,2026-08-02T00:05:24.688909+00:00,compose,vanilla ice cream
Benz Sal,2026-08-02T02:51:27.890670+00:00,compose,nostalgia
Benz Sal,2026-08-03T13:09:31.323240+00:00,compose,strawberry
Benz Sal,2026-08-03T13:11:25.080801+00:00,compose,durian
Benz Sal,2026-08-03T13:11:26.201240+00:00,compose,durian
Benz Sal,2026-08-03T13:29:22.446019+00:00,compose,durian
Benz Sal,2026-08-03T13:29:51.254782+00:00,compose,strawberry ice cream
Benz Sal,2026-08-03T13:29:59.668252+00:00,compose,strawberry ice cream
Benz Sal,2026-08-03T13:30:06.220941+00:00,compose,strawberry ice cream
Benz Sal,2026-08-03T13:31:50.976161+00:00,compose,strawberry ice cream
Benz Sal,2026-08-03T13:33:53.925420+00:00,compose,Boba tea
Benz Sal,2026-08-03T13:37:25.112526+00:00,compose,Chanel No. 5
Benz Sal,2026-08-03T13:38:35.870344+00:00,compose,Chanel No. 5
Cypress,2026-07-30T17:06:23.448473+00:00,compose,lemon pie
Cypress,2026-07-30T17:06:31.590743+00:00,compose,lemon pie
Cypress,2026-07-30T17:15:54.010411+00:00,compose,texas barbeque
Cypress,2026-07-30T17:23:01.613345+00:00,compose,see you later.
Cypress,2026-07-30T17:30:23.843613+00:00,compose,rose
Cypress,2026-07-30T17:36:42.171954+00:00,compose,hazelnut ice cream
Cypress,2026-07-30T17:43:47.189186+00:00,compose,Brazilian black beans
Cypress,2026-07-30T17:44:00.385565+00:00,compose,Brazilian black beans
Cypress,2026-07-30T17:51:00.330713+00:00,compose,Key Lime pie
Cypress,2026-07-30T17:51:04.382670+00:00,compose,lime
Cypress,2026-07-30T17:55:19.412323+00:00,compose,latte
Cypress,2026-07-30T18:41:46.242502+00:00,compose,ocean breeze at the beach
Cypress,2026-07-30T18:41:47.369110+00:00,compose,ocean breeze at the beach
Cypress,2026-07-30T18:42:41.925018+00:00,compose,Nostalgia
Cypress,2026-07-30T18:43:16.566663+00:00,compose,Nostalgia
Cypress,2026-07-30T18:44:14.485479+00:00,compose,Rain on asphalt
Cypress,2026-07-30T19:17:48.783397+00:00,compose,sandalwood
Cypress,2026-07-30T19:18:10.220797+00:00,compose,sandalwood
Cypress,2026-07-30T19:23:18.097778+00:00,compose,currant
Cypress,2026-07-30T19:24:55.124964+00:00,compose,lilac
Cypress,2026-07-30T19:25:23.643653+00:00,compose,lilac
Cypress,2026-07-30T19:27:31.545282+00:00,compose,woodsmoke
Cypress,2026-07-30T19:27:41.700679+00:00,compose,woodsmoke
Cypress,2026-07-30T19:27:48.807922+00:00,compose,woodsmoke
Cypress,2026-07-30T19:28:02.260172+00:00,compose,woodsmoke
Cypress,2026-07-30T19:28:08.927430+00:00,compose,woodsmoke
Cypress,2026-07-30T19:28:22.502284+00:00,compose,woodsmoke
Cypress,2026-07-30T19:28:25.194555+00:00,compose,wood smoke
Cypress,2026-07-30T19:28:52.902000+00:00,compose,woodsmoke
Cypress,2026-07-30T19:29:02.454735+00:00,compose,wood smoke
Cypress,2026-07-30T19:36:40.587535+00:00,compose,eucalyptus
Cypress,2026-07-30T19:36:47.557054+00:00,compose,eucalyptus
Cypress,2026-07-30T19:42:21.255735+00:00,compose,piney
Cypress,2026-07-30T19:59:31.377733+00:00,compose,skin-care
Cypress,2026-07-30T20:11:03.846389+00:00,compose,aftershave
Cypress,2026-07-30T20:30:59.715920+00:00,compose,Coconut
Cypress,2026-07-30T20:32:44.387736+00:00,compose,Cedar
Cypress,2026-07-30T20:32:50.222744+00:00,compose,Cedar
Cypress,2026-07-30T20:32:55.854879+00:00,compose,Cedar
Cypress,2026-07-30T20:33:01.078793+00:00,compose,Cedar
Cypress,2026-07-30T20:35:15.427824+00:00,compose,wood smoke
Cypress,2026-07-30T20:35:24.950663+00:00,compose,woodsmoke
Cypress,2026-07-30T20:41:01.993508+00:00,compose,flower
Cypress,2026-07-30T20:43:10.974068+00:00,compose,lilac
Cypress,2026-07-30T20:43:11.979229+00:00,compose,lilac
Cypress,2026-07-30T20:47:06.224846+00:00,compose,wintergreen
Cypress,2026-07-30T20:47:28.226734+00:00,compose,wintergreen
Cypress,2026-07-30T20:47:32.013904+00:00,compose,wintergreen
Cypress,2026-07-30T20:51:20.951517+00:00,compose,currant
Cypress,2026-07-30T20:51:26.105844+00:00,compose,currant
Cypress,2026-07-30T21:01:40.205869+00:00,compose,musty
Cypress,2026-07-30T21:13:00.046042+00:00,compose,aftershave
Cypress,2026-07-30T21:28:31.330694+00:00,compose,Chinese Beef vermicelli
Cypress,2026-07-30T21:34:12.928635+00:00,compose,Green tea
Cypress,2026-07-30T21:35:50.300273+00:00,compose,Bergamot
Cypress,2026-07-31T18:26:01.637403+00:00,compose,wintergreen
Cypress,2026-07-31T18:26:35.020956+00:00,compose,eucalyptus
Cypress,2026-07-31T18:27:06.493385+00:00,compose,wintergreen
Cypress,2026-07-31T18:27:45.062205+00:00,compose,wintergreen
Cypress,2026-07-31T18:39:38.679312+00:00,compose,sandalwood
Cypress,2026-07-31T18:46:34.036032+00:00,compose,eucalyptus
Cypress,2026-07-31T18:50:02.917090+00:00,compose,Myrrh
Cypress,2026-07-31T18:57:36.345837+00:00,compose,air_freshener
Cypress,2026-07-31T19:24:12.513580+00:00,compose,Oud for glory
Cypress,2026-08-03T01:16:38.830430+00:00,compose,watermelon
Cypress,2026-08-03T01:27:29.690945+00:00,compose,coffee and baguette
Cypress,2026-08-03T13:28:55.259337+00:00,compose,rosemary
Cypress,2026-08-03T13:35:59.925145+00:00,compose,Tomato soup
Cypress,2026-08-03T13:40:47.055626+00:00,compose,ocean breeze at the beach
Cypress,2026-08-03T13:42:35.885094+00:00,compose,Nostalgia
Cypress,2026-08-03T13:44:36.428228+00:00,compose,Rain on asphalt
Cypress,2026-08-03T14:00:08.947313+00:00,compose,Chinese Beef vermicelli
Cypress,2026-08-03T14:02:11.512651+00:00,compose,Texas barbeque brisket
Cypress,2026-08-03T14:09:29.077067+00:00,compose,oolong tea
Clove Bud,2026-07-30T16:41:56.703426+00:00,compose,a cognac-soaked evening by a wood fire
Clove Bud,2026-07-30T17:15:03.481293+00:00,compose,toasty
Clove Bud,2026-07-30T17:15:54.010411+00:00,compose,texas barbeque
Clove Bud,2026-07-30T17:16:00.370414+00:00,compose,texas barbeque
Clove Bud,2026-07-30T17:19:25.071419+00:00,compose,fresh-bread
Clove Bud,2026-07-30T17:19:36.643488+00:00,compose,fresh-bread
Clove Bud,2026-07-30T17:23:01.742379+00:00,compose,fresh-bread
Clove Bud,2026-07-30T17:23:09.960824+00:00,compose,fresh-bread
Clove Bud,2026-07-30T17:24:05.727939+00:00,compose,lemon pie fresh out of the oven
Clove Bud,2026-07-30T17:24:24.596258+00:00,compose,fresh-bread
Clove Bud,2026-07-30T17:24:39.550344+00:00,compose,fresh-bread
Clove Bud,2026-07-30T17:24:50.610241+00:00,compose,fresh-bread
Clove Bud,2026-07-30T17:27:19.979057+00:00,compose,maple-syrup
Clove Bud,2026-07-30T17:27:33.837927+00:00,compose,maple-syrup
Clove Bud,2026-07-30T17:46:06.752593+00:00,compose,Hazelnut ice cream
Clove Bud,2026-07-30T17:46:08.592350+00:00,compose,Hazelnut ice cream
Clove Bud,2026-07-30T17:46:21.562507+00:00,compose,Hazelnut ice cream
Clove Bud,2026-07-30T17:47:39.118333+00:00,compose,Brazilian brigadeiro
Clove Bud,2026-07-30T17:47:46.485673+00:00,compose,Brazilian brigadeiro
Clove Bud,2026-07-30T17:50:23.032460+00:00,compose,Key Lime pie
Clove Bud,2026-07-30T17:52:43.079565+00:00,compose,Southwestern beef
Clove Bud,2026-07-30T17:55:13.053470+00:00,compose,latte
Clove Bud,2026-07-30T17:55:19.412323+00:00,compose,latte
Clove Bud,2026-07-30T17:56:26.796854+00:00,compose,Chocolate
Clove Bud,2026-07-30T17:56:33.983909+00:00,compose,Chocolate
Clove Bud,2026-07-30T17:56:39.145298+00:00,compose,Chocolate
Clove Bud,2026-07-30T17:59:06.903065+00:00,compose,Strawberry milkshake
Clove Bud,2026-07-30T18:01:07.833899+00:00,compose,Hazelnut ice cream
Clove Bud,2026-07-30T18:01:18.067882+00:00,compose,Hazelnut ice cream
Clove Bud,2026-07-30T18:15:37.640418+00:00,compose,Rosemary
Clove Bud,2026-07-30T18:21:20.029262+00:00,compose,lemon pie fresh out of the oven
Clove Bud,2026-07-30T18:33:05.214802+00:00,compose,Rosemary
Clove Bud,2026-07-30T18:35:25.836464+00:00,compose,hotdog
Clove Bud,2026-07-30T18:35:39.929598+00:00,compose,hotdog
Clove Bud,2026-07-30T18:36:49.002707+00:00,compose,boba tea
Clove Bud,2026-07-30T18:37:48.668985+00:00,compose,steak
Clove Bud,2026-07-30T18:38:00.101647+00:00,compose,steak
Clove Bud,2026-07-30T18:38:14.918861+00:00,compose,steak
Clove Bud,2026-07-30T18:39:14.479884+00:00,compose,Tomato soup
Clove Bud,2026-07-30T18:39:19.656649+00:00,compose,Tomato soup
Clove Bud,2026-07-30T19:20:41.279176+00:00,compose,Coconut
Clove Bud,2026-07-30T19:23:18.097778+00:00,compose,currant
Clove Bud,2026-07-30T19:23:24.181630+00:00,compose,currant
Clove Bud,2026-07-30T19:27:31.545282+00:00,compose,woodsmoke
Clove Bud,2026-07-30T19:27:41.700679+00:00,compose,woodsmoke
Clove Bud,2026-07-30T19:27:48.807922+00:00,compose,woodsmoke
Clove Bud,2026-07-30T19:28:02.260172+00:00,compose,woodsmoke
Clove Bud,2026-07-30T19:28:08.927430+00:00,compose,woodsmoke
Clove Bud,2026-07-30T19:28:22.502284+00:00,compose,woodsmoke
Clove Bud,2026-07-30T19:28:25.194555+00:00,compose,wood smoke
Clove Bud,2026-07-30T19:28:52.902000+00:00,compose,woodsmoke
Clove Bud,2026-07-30T19:29:02.454735+00:00,compose,wood smoke
Clove Bud,2026-07-30T19:42:21.255735+00:00,compose,piney
Clove Bud,2026-07-30T19:45:51.279851+00:00,compose,toasty
Clove Bud,2026-07-30T19:46:18.508747+00:00,compose,toasty
Clove Bud,2026-07-30T19:46:55.108611+00:00,compose,toasty
Clove Bud,2026-07-30T19:47:16.335579+00:00,compose,toasty
Clove Bud,2026-07-30T19:54:35.239414+00:00,compose,rotten-egg
Clove Bud,2026-07-30T20:04:20.181648+00:00,compose,sour milk
Clove Bud,2026-07-30T20:06:25.165073+00:00,compose,peppery
Clove Bud,2026-07-30T20:06:34.350117+00:00,compose,peppery
Clove Bud,2026-07-30T20:09:09.046970+00:00,compose,cinnamon
Clove Bud,2026-07-30T20:11:03.846389+00:00,compose,aftershave
Clove Bud,2026-07-30T20:20:45.560805+00:00,compose,feces
Clove Bud,2026-07-30T20:35:15.427824+00:00,compose,wood smoke
Clove Bud,2026-07-30T20:35:24.950663+00:00,compose,woodsmoke
Clove Bud,2026-07-30T20:40:55.703714+00:00,compose,jasmine
Clove Bud,2026-07-30T20:41:01.993508+00:00,compose,flower
Clove Bud,2026-07-30T20:45:06.713590+00:00,compose,Vanilla
Clove Bud,2026-07-30T20:47:06.224846+00:00,compose,wintergreen
Clove Bud,2026-07-30T20:49:12.706337+00:00,compose,saffron
Clove Bud,2026-07-30T20:49:35.099175+00:00,compose,saffron
Clove Bud,2026-07-30T20:49:37.867711+00:00,compose,flower
Clove Bud,2026-07-30T20:49:41.859084+00:00,compose,saffron
Clove Bud,2026-07-30T20:58:12.952214+00:00,compose,yeasty
Clove Bud,2026-07-30T21:07:41.785469+00:00,compose,cumin
Clove Bud,2026-07-30T21:13:00.046042+00:00,compose,aftershave
Clove Bud,2026-07-30T21:14:50.123072+00:00,compose,peppery
Clove Bud,2026-07-30T21:29:50.587047+00:00,compose,Lemon pie
Clove Bud,2026-07-30T21:30:01.338220+00:00,compose,Lemon pie
Clove Bud,2026-07-30T21:35:50.300273+00:00,compose,Bergamot
Clove Bud,2026-07-30T21:36:47.646461+00:00,compose,Paris cafe
Clove Bud,2026-07-30T21:37:41.503856+00:00,compose,Stinky mandarin fish
Clove Bud,2026-07-31T18:14:47.760212+00:00,compose,texas barbeque
Clove Bud,2026-07-31T18:33:06.599858+00:00,compose,Texas barbecue smoky and spicy
Clove Bud,2026-07-31T18:33:10.388569+00:00,compose,Texas barbecue smoky and spicy
Clove Bud,2026-07-31T18:33:14.384567+00:00,compose,Texas barbecue smoky and spicy
Clove Bud,2026-07-31T18:33:20.124362+00:00,compose,Texas barbecue smoky and spicy
Clove Bud,2026-07-31T18:33:25.235094+00:00,compose,Texas barbecue smoky and spicy
Clove Bud,2026-07-31T18:34:42.463540+00:00,compose,toasty
Clove Bud,2026-07-31T18:38:53.430569+00:00,compose,smoky
Clove Bud,2026-07-31T18:44:34.728777+00:00,compose,Maple-syrup
Clove Bud,2026-07-31T18:44:40.483374+00:00,compose,Maple syrup
Clove Bud,2026-07-31T18:44:49.573452+00:00,compose,Maple syrup
Clove Bud,2026-07-31T18:50:02.917090+00:00,compose,Myrrh
Clove Bud,2026-07-31T18:55:08.582420+00:00,compose,rotten egg
Clove Bud,2026-07-31T18:55:17.083102+00:00,compose,rotten egg
Clove Bud,2026-07-31T19:02:09.640669+00:00,compose,cinnamon
Clove Bud,2026-07-31T19:09:26.023597+00:00,compose,Smoky nigerian jollof
Clove Bud,2026-07-31T19:12:29.487932+00:00,compose,Peanuts
Clove Bud,2026-07-31T19:13:43.269642+00:00,compose,roasted peanuts
Clove Bud,2026-07-31T19:15:54.041045+00:00,compose,Onion
Clove Bud,2026-07-31T19:21:46.697126+00:00,compose,Ofada Rice
Clove Bud,2026-08-01T22:51:16.697572+00:00,compose,nostalgia
Clove Bud,2026-08-02T02:11:27.787814+00:00,compose,strawberry
Clove Bud,2026-08-03T01:18:10.781808+00:00,compose,coffee pie
Clove Bud,2026-08-03T01:27:29.690945+00:00,compose,coffee and baguette
Clove Bud,2026-08-03T13:11:25.832810+00:00,compose,durian
Clove Bud,2026-08-03T13:11:26.532668+00:00,compose,durian
Clove Bud,2026-08-03T13:29:22.234774+00:00,compose,durian
Clove Bud,2026-08-03T13:29:59.668252+00:00,compose,strawberry ice cream
Clove Bud,2026-08-03T13:30:06.220941+00:00,compose,strawberry ice cream
Clove Bud,2026-08-03T13:31:44.538111+00:00,compose,strawberry ice cream
Clove Bud,2026-08-03T13:31:50.976161+00:00,compose,strawberry ice cream
Clove Bud,2026-08-03T13:32:58.257498+00:00,compose,Hotdog
Clove Bud,2026-08-03T13:33:53.925420+00:00,compose,Boba tea
Clove Bud,2026-08-03T13:35:59.925145+00:00,compose,Tomato soup
Clove Bud,2026-08-03T14:18:59.247601+00:00,compose,paris cafe
Clove Bud,2026-08-03T14:20:34.791279+00:00,compose,Stinky mandarin fish
Clove Bud,2026-08-03T14:21:43.090267+00:00,feedback,Add some isobaric acid.
Lavender,2026-07-30T16:37:39.090537+00:00,compose,"Oh, lemon pie."
Lavender,2026-07-30T16:41:56.703426+00:00,compose,a cognac-soaked evening by a wood fire
Lavender,2026-07-30T17:06:23.448473+00:00,compose,lemon pie
Lavender,2026-07-30T17:06:31.590743+00:00,compose,lemon pie
Lavender,2026-07-30T17:13:09.399024+00:00,compose,lemon pie
Lavender,2026-07-30T17:14:08.302502+00:00,compose,honey
Lavender,2026-07-30T17:27:47.405585+00:00,compose,maple-syrup
Lavender,2026-07-30T17:28:59.478554+00:00,compose,jasmine
Lavender,2026-07-30T17:30:23.843613+00:00,compose,rose
Lavender,2026-07-30T17:31:46.267880+00:00,compose,lavendar
Lavender,2026-07-30T17:31:51.857851+00:00,compose,lavendar
Lavender,2026-07-30T17:32:01.529569+00:00,compose,lavendar
Lavender,2026-07-30T17:50:36.473408+00:00,compose,Key Lime pie
Lavender,2026-07-30T17:51:00.330713+00:00,compose,Key Lime pie
Lavender,2026-07-30T17:55:13.053470+00:00,compose,latte
Lavender,2026-07-30T17:55:19.412323+00:00,compose,latte
Lavender,2026-07-30T17:56:26.796854+00:00,compose,Chocolate
Lavender,2026-07-30T18:09:01.954917+00:00,compose,Rosemary
Lavender,2026-07-30T18:15:37.640418+00:00,compose,Rosemary
Lavender,2026-07-30T18:33:05.214802+00:00,compose,Rosemary
Lavender,2026-07-30T18:36:49.002707+00:00,compose,boba tea
Lavender,2026-07-30T18:40:21.517551+00:00,compose,Chanel No. 5
Lavender,2026-07-30T18:41:46.242502+00:00,compose,ocean breeze at the beach
Lavender,2026-07-30T18:41:47.369110+00:00,compose,ocean breeze at the beach
Lavender,2026-07-30T19:20:41.279176+00:00,compose,Coconut
Lavender,2026-07-30T19:24:55.124964+00:00,compose,lilac
Lavender,2026-07-30T19:25:23.643653+00:00,compose,lilac
Lavender,2026-07-30T19:28:25.194555+00:00,compose,wood smoke
Lavender,2026-07-30T19:31:18.447807+00:00,compose,jasmine
Lavender,2026-07-30T19:31:27.648567+00:00,compose,jasmine
Lavender,2026-07-30T19:32:34.719837+00:00,compose,jasmine
Lavender,2026-07-30T19:32:38.109160+00:00,compose,jasmine
Lavender,2026-07-30T19:33:35.388013+00:00,compose,lemony
Lavender,2026-07-30T19:33:42.726481+00:00,compose,lemony
Lavender,2026-07-30T19:33:50.097760+00:00,compose,jasmine
Lavender,2026-07-30T19:34:33.867149+00:00,compose,jasmine
Lavender,2026-07-30T19:36:40.587535+00:00,compose,eucalyptus
Lavender,2026-07-30T19:36:47.557054+00:00,compose,eucalyptus
Lavender,2026-07-30T19:36:53.197906+00:00,compose,eucalyptus
Lavender,2026-07-30T19:39:45.971777+00:00,compose,Honeyed
Lavender,2026-07-30T19:42:21.255735+00:00,compose,piney
Lavender,2026-07-30T19:46:18.508747+00:00,compose,toasty
Lavender,2026-07-30T19:49:48.034460+00:00,compose,minty
Lavender,2026-07-30T19:59:31.377733+00:00,compose,skin-care
Lavender,2026-07-30T20:20:45.560805+00:00,compose,feces
Lavender,2026-07-30T20:29:08.163282+00:00,compose,tangy
Lavender,2026-07-30T20:30:59.715920+00:00,compose,Coconut
Lavender,2026-07-30T20:37:05.816526+00:00,compose,fresh bread
Lavender,2026-07-30T20:37:31.414213+00:00,compose,fresh bread
Lavender,2026-07-30T20:37:40.983784+00:00,compose,fresh bread
Lavender,2026-07-30T20:39:20.655520+00:00,compose,minty
Lavender,2026-07-30T20:40:29.468593+00:00,compose,jasmine
Lavender,2026-07-30T20:40:55.703714+00:00,compose,jasmine
Lavender,2026-07-30T20:41:00.591733+00:00,compose,jasmine
Lavender,2026-07-30T20:41:07.559084+00:00,compose,jasmine
Lavender,2026-07-30T20:43:10.974068+00:00,compose,lilac
Lavender,2026-07-30T20:43:11.979229+00:00,compose,lilac
Lavender,2026-07-30T20:45:06.713590+00:00,compose,Vanilla
Lavender,2026-07-30T20:45:17.054103+00:00,compose,Vanilla
Lavender,2026-07-30T20:45:24.341416+00:00,compose,sweet
Lavender,2026-07-30T20:45:28.156108+00:00,compose,vanilla
Lavender,2026-07-30T20:45:32.063111+00:00,compose,vanilla
Lavender,2026-07-30T20:45:36.307623+00:00,compose,vanilla
Lavender,2026-07-30T20:45:40.601542+00:00,compose,vanilla
Lavender,2026-07-30T20:45:47.668802+00:00,compose,vanilla
Lavender,2026-07-30T20:45:51.971101+00:00,compose,vanilla
Lavender,2026-07-30T20:46:00.875562+00:00,compose,sweet vanilla
Lavender,2026-07-30T20:47:06.224846+00:00,compose,wintergreen
Lavender,2026-07-30T20:47:28.226734+00:00,compose,wintergreen
Lavender,2026-07-30T20:47:32.013904+00:00,compose,wintergreen
Lavender,2026-07-30T20:54:31.860740+00:00,compose,sweaty
Lavender,2026-07-30T20:55:19.477428+00:00,compose,sweaty
Lavender,2026-07-30T21:28:31.330694+00:00,compose,Chinese Beef vermicelli
Lavender,2026-07-30T21:32:17.735541+00:00,compose,Orange blossom
Lavender,2026-07-30T21:33:25.736967+00:00,compose,Oolong tea
Lavender,2026-07-30T21:34:12.928635+00:00,compose,Green tea
Lavender,2026-07-31T18:13:51.585929+00:00,compose,vanilla
Lavender,2026-07-31T18:13:58.306769+00:00,compose,vanilla
Lavender,2026-07-31T18:14:12.227762+00:00,compose,vanilla
Lavender,2026-07-31T18:15:23.480301+00:00,compose,lilac
Lavender,2026-07-31T18:15:26.528925+00:00,compose,lilac
Lavender,2026-07-31T18:15:57.852808+00:00,compose,rose
Lavender,2026-07-31T18:16:44.100904+00:00,compose,rose
Lavender,2026-07-31T18:17:37.388094+00:00,compose,lilac
Lavender,2026-07-31T18:20:36.438367+00:00,compose,vanilla
Lavender,2026-07-31T18:24:11.175152+00:00,compose,vanilla
Lavender,2026-07-31T18:24:27.435803+00:00,compose,vanilla
Lavender,2026-07-31T18:24:42.818184+00:00,compose,sweet
Lavender,2026-07-31T18:37:10.622024+00:00,compose,rosemary
Lavender,2026-07-31T18:37:20.044683+00:00,compose,rosemary
Lavender,2026-07-31T18:39:38.679312+00:00,compose,sandalwood
Lavender,2026-07-31T18:43:18.240546+00:00,compose,rose
Lavender,2026-07-31T18:46:34.036032+00:00,compose,eucalyptus
Lavender,2026-07-31T18:48:44.785354+00:00,compose,lavender
Lavender,2026-07-31T18:52:06.208062+00:00,compose,skin-care
Lavender,2026-07-31T18:52:35.084995+00:00,compose,skin care
Lavender,2026-07-31T18:52:45.324971+00:00,compose,skin care
Lavender,2026-07-31T18:56:21.798431+00:00,compose,air_freshener
Lavender,2026-07-31T18:57:22.623846+00:00,compose,air_freshener
Lavender,2026-07-31T18:57:36.345837+00:00,compose,air_freshener
Lavender,2026-08-01T22:47:43.859852+00:00,compose,vanilla
Lavender,2026-08-01T22:48:05.383250+00:00,compose,vanilla
Lavender,2026-08-01T22:49:53.586647+00:00,compose,vanilla
Lavender,2026-08-01T22:51:16.697572+00:00,compose,nostalgia
Lavender,2026-08-02T02:51:27.890670+00:00,compose,nostalgia
Lavender,2026-08-03T13:37:25.112526+00:00,compose,Chanel No. 5
Lavender,2026-08-03T13:38:35.870344+00:00,compose,Chanel No. 5
Lavender,2026-08-03T13:40:30.558467+00:00,compose,ocean breeze at the beach
Lavender,2026-08-03T13:40:47.055626+00:00,compose,ocean breeze at the beach
Lavender,2026-08-03T14:00:08.947313+00:00,compose,Chinese Beef vermicelli
Lavender,2026-08-03T14:03:39.271767+00:00,compose,orange blossom
Lavender,2026-08-03T14:05:16.858518+00:00,feedback,Add a little bit of vanilla.
Lavender,2026-08-03T14:06:42.875472+00:00,feedback,Increase Vanilla to 40%.
Lavender,2026-08-03T14:08:03.877416+00:00,feedback,"But like, in this case, I wouldn't mind if 11 kind of overshadows the others a little bit. Bring the 11 to the front so that it plays earlier in the sequence."
Lavender,2026-08-03T14:09:29.077067+00:00,compose,oolong tea
Lavender,2026-08-03T14:15:16.171965+00:00,compose,bergamot
Lavender,2026-08-03T14:16:18.783981+00:00,compose,bergamot
Lavender,2026-08-03T14:16:50.733159+00:00,feedback,Add some cognac.
Lavender,2026-08-03T14:24:08.112550+00:00,feedback,Add lavender and vanilla.
Lemon,2026-07-30T15:47:08.545540+00:00,compose,a rainy morning coffee shop
Lemon,2026-07-30T16:37:39.090537+00:00,compose,"Oh, lemon pie."
Lemon,2026-07-30T16:37:42.717925+00:00,compose,Lemon pie
Lemon,2026-07-30T17:01:08.508361+00:00,compose,lemon pie fresh out of the oven
Lemon,2026-07-30T17:06:23.448473+00:00,compose,lemon pie
Lemon,2026-07-30T17:06:31.590743+00:00,compose,lemon pie
Lemon,2026-07-30T17:09:47.880790+00:00,compose,honeyed
Lemon,2026-07-30T17:09:54.603653+00:00,compose,honeyed
Lemon,2026-07-30T17:09:56.526564+00:00,compose,honeyed
Lemon,2026-07-30T17:10:02.289646+00:00,compose,honeyed
Lemon,2026-07-30T17:12:13.124291+00:00,compose,lemon pie fresh out of the oven
Lemon,2026-07-30T17:13:03.749149+00:00,compose,You
Lemon,2026-07-30T17:13:09.399024+00:00,compose,lemon pie
Lemon,2026-07-30T17:13:54.722909+00:00,compose,honeyed
Lemon,2026-07-30T17:21:50.909951+00:00,compose,lemon pie fresh out of the oven
Lemon,2026-07-30T17:23:01.742379+00:00,compose,fresh-bread
Lemon,2026-07-30T17:24:05.727939+00:00,compose,lemon pie fresh out of the oven
Lemon,2026-07-30T17:50:56.135934+00:00,compose,lime
Lemon,2026-07-30T17:51:02.179344+00:00,compose,lime pie
Lemon,2026-07-30T17:51:04.382670+00:00,compose,lime
Lemon,2026-07-30T17:51:12.286986+00:00,compose,key lime pie
Lemon,2026-07-30T17:56:26.796854+00:00,compose,Chocolate
Lemon,2026-07-30T17:59:00.117137+00:00,compose,Strawberry milkshake
Lemon,2026-07-30T17:59:06.903065+00:00,compose,Strawberry milkshake
Lemon,2026-07-30T18:21:20.029262+00:00,compose,lemon pie fresh out of the oven
Lemon,2026-07-30T18:34:27.918607+00:00,compose,strawberry ice cream
Lemon,2026-07-30T18:34:29.557185+00:00,compose,strawberry ice cream
Lemon,2026-07-30T18:34:48.581608+00:00,compose,strawberry ice cream
Lemon,2026-07-30T18:34:53.683169+00:00,compose,strawberry ice cream
Lemon,2026-07-30T18:36:49.002707+00:00,compose,boba tea
Lemon,2026-07-30T18:41:46.242502+00:00,compose,ocean breeze at the beach
Lemon,2026-07-30T18:41:47.369110+00:00,compose,ocean breeze at the beach
Lemon,2026-07-30T19:23:18.097778+00:00,compose,currant
Lemon,2026-07-30T19:23:24.181630+00:00,compose,currant
Lemon,2026-07-30T19:27:41.700679+00:00,compose,woodsmoke
Lemon,2026-07-30T19:32:38.109160+00:00,compose,jasmine
Lemon,2026-07-30T19:33:35.388013+00:00,compose,lemony
Lemon,2026-07-30T19:33:42.726481+00:00,compose,lemony
Lemon,2026-07-30T19:33:57.760529+00:00,compose,lemony
Lemon,2026-07-30T19:49:48.034460+00:00,compose,minty
Lemon,2026-07-30T20:29:08.163282+00:00,compose,tangy
Lemon,2026-07-30T20:37:31.414213+00:00,compose,fresh bread
Lemon,2026-07-30T20:39:20.655520+00:00,compose,minty
Lemon,2026-07-30T20:47:32.013904+00:00,compose,wintergreen
Lemon,2026-07-30T20:49:35.099175+00:00,compose,saffron
Lemon,2026-07-30T20:51:20.951517+00:00,compose,currant
Lemon,2026-07-30T20:51:26.105844+00:00,compose,currant
Lemon,2026-07-30T21:29:50.587047+00:00,compose,Lemon pie
Lemon,2026-07-30T21:30:01.338220+00:00,compose,Lemon pie
Lemon,2026-07-30T21:32:17.735541+00:00,compose,Orange blossom
Lemon,2026-07-30T21:34:12.928635+00:00,compose,Green tea
Lemon,2026-07-30T21:36:47.646461+00:00,compose,Paris cafe
Lemon,2026-07-31T18:05:23.621570+00:00,compose,lemon pie fresh out of the oven
Lemon,2026-07-31T18:14:12.227762+00:00,compose,vanilla
Lemon,2026-07-31T18:20:36.438367+00:00,compose,vanilla
Lemon,2026-07-31T18:40:51.202222+00:00,compose,guava
Lemon,2026-07-31T18:41:01.665413+00:00,compose,guava
Lemon,2026-07-31T18:41:11.058576+00:00,compose,guava
Lemon,2026-07-31T18:41:18.738146+00:00,compose,guava
Lemon,2026-07-31T18:47:56.146048+00:00,compose,lemony
Lemon,2026-07-31T18:56:21.798431+00:00,compose,air_freshener
Lemon,2026-07-31T18:57:22.623846+00:00,compose,air_freshener
Lemon,2026-07-31T19:10:31.460362+00:00,compose,Pineapple
Lemon,2026-07-31T19:10:39.035833+00:00,compose,Pineapple
Lemon,2026-07-31T19:13:08.820951+00:00,compose,watermelon
Lemon,2026-07-31T19:14:56.930443+00:00,compose,Watermelon
Lemon,2026-07-31T19:15:03.744413+00:00,compose,Watermelon
Lemon,2026-07-31T19:15:12.752435+00:00,compose,Watermelon
Lemon,2026-08-02T00:05:59.714803+00:00,compose,watermelon
Lemon,2026-08-02T00:06:18.525557+00:00,compose,strawberry
Lemon,2026-08-02T00:06:34.425301+00:00,compose,strawberry
Lemon,2026-08-02T02:04:07.559090+00:00,compose,lemon
Lemon,2026-08-02T02:04:15.548144+00:00,compose,lemony
Lemon,2026-08-02T02:04:23.023431+00:00,compose,watermelon
Lemon,2026-08-02T02:11:27.787814+00:00,compose,strawberry
Lemon,2026-08-02T02:15:49.926590+00:00,compose,strawberry
Lemon,2026-08-02T02:51:23.995723+00:00,compose,strawberry
Lemon,2026-08-03T00:25:56.961680+00:00,compose,lemon and smoky campfire together
Lemon,2026-08-03T00:26:15.358954+00:00,compose,citrus with a hint of sweat
Lemon,2026-08-03T01:16:38.830430+00:00,compose,watermelon
Lemon,2026-08-03T01:17:00.306622+00:00,compose,watermelon
Lemon,2026-08-03T01:17:24.394896+00:00,compose,watermelon
Lemon,2026-08-03T13:09:31.323240+00:00,compose,strawberry
Lemon,2026-08-03T13:31:44.538111+00:00,compose,strawberry ice cream
Lemon,2026-08-03T13:40:30.558467+00:00,compose,ocean breeze at the beach
Lemon,2026-08-03T13:40:47.055626+00:00,compose,ocean breeze at the beach
Lemon,2026-08-03T14:01:17.752162+00:00,compose,Lemon pie
Lemon,2026-08-03T14:03:39.271767+00:00,compose,orange blossom
Lemon,2026-08-03T14:05:16.858518+00:00,feedback,Add a little bit of vanilla.
Lemon,2026-08-03T14:06:42.875472+00:00,feedback,Increase Vanilla to 40%.
Lemon,2026-08-03T14:08:03.877416+00:00,feedback,"But like, in this case, I wouldn't mind if 11 kind of overshadows the others a little bit. Bring the 11 to the front so that it plays earlier in the sequence."
Lemon,2026-08-03T14:13:02.072645+00:00,compose,green tea
Lemon,2026-08-03T14:22:59.692058+00:00,compose,Sweet and Sour Pork
Lemon,2026-08-03T14:24:08.112550+00:00,feedback,Add lavender and vanilla.
Lemon,2026-08-03T15:23:20.492243+00:00,compose,strawberry shortcake
Vanilla,2026-07-30T16:41:56.703426+00:00,compose,a cognac-soaked evening by a wood fire
Vanilla,2026-07-30T17:01:08.508361+00:00,compose,lemon pie fresh out of the oven
Vanilla,2026-07-30T17:06:23.448473+00:00,compose,lemon pie
Vanilla,2026-07-30T17:06:31.590743+00:00,compose,lemon pie
Vanilla,2026-07-30T17:12:13.124291+00:00,compose,lemon pie fresh out of the oven
Vanilla,2026-07-30T17:13:09.399024+00:00,compose,lemon pie
Vanilla,2026-07-30T17:14:08.302502+00:00,compose,honey
Vanilla,2026-07-30T17:15:03.481293+00:00,compose,toasty
Vanilla,2026-07-30T17:17:25.671006+00:00,compose,perfume
Vanilla,2026-07-30T17:17:31.817372+00:00,compose,perfume
Vanilla,2026-07-30T17:21:50.909951+00:00,compose,lemon pie fresh out of the oven
Vanilla,2026-07-30T17:23:01.613345+00:00,compose,see you later.
Vanilla,2026-07-30T17:24:05.727939+00:00,compose,lemon pie fresh out of the oven
Vanilla,2026-07-30T17:26:24.465356+00:00,compose,perfume
Vanilla,2026-07-30T17:27:19.979057+00:00,compose,maple-syrup
Vanilla,2026-07-30T17:27:33.837927+00:00,compose,maple-syrup
Vanilla,2026-07-30T17:27:47.405585+00:00,compose,maple-syrup
Vanilla,2026-07-30T17:28:59.478554+00:00,compose,jasmine
Vanilla,2026-07-30T17:30:23.843613+00:00,compose,rose
Vanilla,2026-07-30T17:31:46.267880+00:00,compose,lavendar
Vanilla,2026-07-30T17:31:51.857851+00:00,compose,lavendar
Vanilla,2026-07-30T17:32:01.529569+00:00,compose,lavendar
Vanilla,2026-07-30T17:36:42.171954+00:00,compose,hazelnut ice cream
Vanilla,2026-07-30T17:39:41.423705+00:00,compose,Bacon cheeseburger
Vanilla,2026-07-30T17:39:44.991487+00:00,compose,Bacon cheeseburger
Vanilla,2026-07-30T17:39:46.526024+00:00,compose,Bacon cheeseburger
Vanilla,2026-07-30T17:39:58.916611+00:00,compose,Bacon cheeseburger
Vanilla,2026-07-30T17:40:07.418053+00:00,compose,Bacon cheeseburger
Vanilla,2026-07-30T17:40:13.859797+00:00,compose,Bacon cheeseburger
Vanilla,2026-07-30T17:40:35.014991+00:00,compose,Bacon cheeseburger
Vanilla,2026-07-30T17:41:10.354854+00:00,compose,Bacon cheeseburger
Vanilla,2026-07-30T17:41:10.974496+00:00,compose,Bacon cheeseburger
Vanilla,2026-07-30T17:41:16.049137+00:00,compose,Bacon cheeseburger
Vanilla,2026-07-30T17:43:53.726268+00:00,compose,Brazilian black beans
Vanilla,2026-07-30T17:46:06.752593+00:00,compose,Hazelnut ice cream
Vanilla,2026-07-30T17:46:08.592350+00:00,compose,Hazelnut ice cream
Vanilla,2026-07-30T17:46:21.562507+00:00,compose,Hazelnut ice cream
Vanilla,2026-07-30T17:47:39.118333+00:00,compose,Brazilian brigadeiro
Vanilla,2026-07-30T17:47:45.465544+00:00,compose,Brazilian brigadeiro
Vanilla,2026-07-30T17:47:46.485673+00:00,compose,Brazilian brigadeiro
Vanilla,2026-07-30T17:51:02.179344+00:00,compose,lime pie
Vanilla,2026-07-30T17:51:12.286986+00:00,compose,key lime pie
Vanilla,2026-07-30T18:01:07.833899+00:00,compose,Hazelnut ice cream
Vanilla,2026-07-30T18:01:18.067882+00:00,compose,Hazelnut ice cream
Vanilla,2026-07-30T18:21:20.029262+00:00,compose,lemon pie fresh out of the oven
Vanilla,2026-07-30T18:35:39.929598+00:00,compose,hotdog
Vanilla,2026-07-30T18:40:21.517551+00:00,compose,Chanel No. 5
Vanilla,2026-07-30T18:41:46.242502+00:00,compose,ocean breeze at the beach
Vanilla,2026-07-30T18:42:41.925018+00:00,compose,Nostalgia
Vanilla,2026-07-30T18:43:09.195242+00:00,compose,Nostalgia
Vanilla,2026-07-30T18:43:16.566663+00:00,compose,Nostalgia
Vanilla,2026-07-30T19:20:41.279176+00:00,compose,Coconut
Vanilla,2026-07-30T19:23:24.181630+00:00,compose,currant
Vanilla,2026-07-30T19:31:18.447807+00:00,compose,jasmine
Vanilla,2026-07-30T19:31:27.648567+00:00,compose,jasmine
Vanilla,2026-07-30T19:32:34.719837+00:00,compose,jasmine
Vanilla,2026-07-30T19:33:50.097760+00:00,compose,jasmine
Vanilla,2026-07-30T19:33:57.760529+00:00,compose,lemony
Vanilla,2026-07-30T19:34:33.867149+00:00,compose,jasmine
Vanilla,2026-07-30T19:39:45.971777+00:00,compose,Honeyed
Vanilla,2026-07-30T19:45:51.279851+00:00,compose,toasty
Vanilla,2026-07-30T19:46:18.508747+00:00,compose,toasty
Vanilla,2026-07-30T19:46:55.108611+00:00,compose,toasty
Vanilla,2026-07-30T19:47:16.335579+00:00,compose,toasty
Vanilla,2026-07-30T20:09:09.046970+00:00,compose,cinnamon
Vanilla,2026-07-30T20:30:59.715920+00:00,compose,Coconut
Vanilla,2026-07-30T20:32:44.387736+00:00,compose,Cedar
Vanilla,2026-07-30T20:32:50.222744+00:00,compose,Cedar
Vanilla,2026-07-30T20:32:55.854879+00:00,compose,Cedar
Vanilla,2026-07-30T20:33:01.078793+00:00,compose,Cedar
Vanilla,2026-07-30T20:40:29.468593+00:00,compose,jasmine
Vanilla,2026-07-30T20:41:00.591733+00:00,compose,jasmine
Vanilla,2026-07-30T20:41:07.559084+00:00,compose,jasmine
Vanilla,2026-07-30T20:45:24.341416+00:00,compose,sweet
Vanilla,2026-07-30T20:46:00.875562+00:00,compose,sweet vanilla
Vanilla,2026-07-30T20:49:12.706337+00:00,compose,saffron
Vanilla,2026-07-30T20:49:41.859084+00:00,compose,saffron
Vanilla,2026-07-30T20:51:20.951517+00:00,compose,currant
Vanilla,2026-07-30T20:51:26.105844+00:00,compose,currant
Vanilla,2026-07-30T21:05:40.438276+00:00,compose,perfume
Vanilla,2026-07-30T21:29:50.587047+00:00,compose,Lemon pie
Vanilla,2026-07-30T21:30:01.338220+00:00,compose,Lemon pie
Vanilla,2026-07-30T21:30:58.601038+00:00,compose,Texas barbeque brisket
Vanilla,2026-07-30T21:32:17.735541+00:00,compose,Orange blossom
Vanilla,2026-07-30T21:33:25.736967+00:00,compose,Oolong tea
Vanilla,2026-07-30T21:34:12.928635+00:00,compose,Green tea
Vanilla,2026-07-30T21:35:50.300273+00:00,compose,Bergamot
Vanilla,2026-07-30T21:38:25.231142+00:00,compose,Sweet and Sour Pork
Vanilla,2026-07-31T18:05:23.621570+00:00,compose,lemon pie fresh out of the oven
Vanilla,2026-07-31T18:16:44.100904+00:00,compose,rose
Vanilla,2026-07-31T18:24:42.818184+00:00,compose,sweet
Vanilla,2026-07-31T18:34:42.463540+00:00,compose,toasty
Vanilla,2026-07-31T18:43:18.240546+00:00,compose,rose
Vanilla,2026-07-31T18:50:43.571042+00:00,compose,Honeyed
Vanilla,2026-07-31T18:52:35.084995+00:00,compose,skin care
Vanilla,2026-07-31T18:52:45.324971+00:00,compose,skin care
Vanilla,2026-07-31T18:58:34.264691+00:00,compose,anise
Vanilla,2026-07-31T18:58:41.072031+00:00,compose,anise
Vanilla,2026-07-31T19:02:09.640669+00:00,compose,cinnamon
Vanilla,2026-07-31T19:10:31.460362+00:00,compose,Pineapple
Vanilla,2026-07-31T19:10:39.035833+00:00,compose,Pineapple
Vanilla,2026-07-31T19:13:43.269642+00:00,compose,roasted peanuts
Vanilla,2026-07-31T19:22:24.992982+00:00,compose,Coffee
Vanilla,2026-07-31T19:23:05.647819+00:00,compose,Banana
Vanilla,2026-07-31T19:23:15.063718+00:00,compose,Banana
Vanilla,2026-07-31T19:24:12.513580+00:00,compose,Oud for glory
Vanilla,2026-08-01T22:50:59.771189+00:00,compose,vanilla
Vanilla,2026-08-01T22:51:02.135386+00:00,compose,vanilla
Vanilla,2026-08-01T22:51:04.340763+00:00,compose,vanilla
Vanilla,2026-08-01T22:51:16.697572+00:00,compose,nostalgia
Vanilla,2026-08-01T23:57:43.357523+00:00,compose,vanilla ice cream
Vanilla,2026-08-02T00:05:14.859554+00:00,compose,vanilla
Vanilla,2026-08-02T00:05:19.203652+00:00,compose,vanilla
Vanilla,2026-08-02T00:05:24.688909+00:00,compose,vanilla ice cream
Vanilla,2026-08-02T02:02:12.748695+00:00,compose,vanilla
Vanilla,2026-08-02T02:04:01.215610+00:00,compose,vanilla
Vanilla,2026-08-02T02:04:01.620199+00:00,compose,vanilla
Vanilla,2026-08-02T02:04:07.559090+00:00,compose,lemon
Vanilla,2026-08-02T02:51:21.295517+00:00,compose,vanilla
Vanilla,2026-08-02T02:51:27.890670+00:00,compose,nostalgia
Vanilla,2026-08-03T01:14:45.647075+00:00,compose,vanilla with a splash of peppermint
Vanilla,2026-08-03T01:25:43.290520+00:00,compose,coffee candy
Vanilla,2026-08-03T01:26:55.650660+00:00,compose,vanilla with a splash of peppermint
Vanilla,2026-08-03T13:09:09.330440+00:00,compose,vanilla
Vanilla,2026-08-03T13:32:58.257498+00:00,compose,Hotdog
Vanilla,2026-08-03T13:33:53.925420+00:00,compose,Boba tea
Vanilla,2026-08-03T13:35:03.499684+00:00,compose,steak
Vanilla,2026-08-03T13:38:35.870344+00:00,compose,Chanel No. 5
Vanilla,2026-08-03T13:42:35.885094+00:00,compose,Nostalgia
Vanilla,2026-08-03T14:01:17.752162+00:00,compose,Lemon pie
Vanilla,2026-08-03T14:05:16.858518+00:00,feedback,Add a little bit of vanilla.
Vanilla,2026-08-03T14:06:42.875472+00:00,feedback,Increase Vanilla to 40%.
Vanilla,2026-08-03T14:08:03.877416+00:00,feedback,"But like, in this case, I wouldn't mind if 11 kind of overshadows the others a little bit. Bring the 11 to the front so that it plays earlier in the sequence."
Vanilla,2026-08-03T14:18:59.247601+00:00,compose,paris cafe
Vanilla,2026-08-03T14:24:08.112550+00:00,feedback,Add lavender and vanilla.
Vanilla,2026-08-03T14:30:09.661615+00:00,compose,vanilla
Vanilla,2026-08-03T14:34:59.662409+00:00,compose,Sweet and Sour Pork
Vanilla,2026-08-03T15:23:20.492243+00:00,compose,strawberry shortcake
Birch tar oil,2026-07-30T15:47:08.545540+00:00,compose,a rainy morning coffee shop
Birch tar oil,2026-07-30T17:15:54.010411+00:00,compose,texas barbeque
Birch tar oil,2026-07-30T17:16:00.370414+00:00,compose,texas barbeque
Birch tar oil,2026-07-30T17:19:25.071419+00:00,compose,fresh-bread
Birch tar oil,2026-07-30T17:19:36.643488+00:00,compose,fresh-bread
Birch tar oil,2026-07-30T17:23:01.742379+00:00,compose,fresh-bread
Birch tar oil,2026-07-30T17:23:09.960824+00:00,compose,fresh-bread
Birch tar oil,2026-07-30T17:24:24.596258+00:00,compose,fresh-bread
Birch tar oil,2026-07-30T17:24:39.550344+00:00,compose,fresh-bread
Birch tar oil,2026-07-30T17:24:50.610241+00:00,compose,fresh-bread
Birch tar oil,2026-07-30T17:27:19.979057+00:00,compose,maple-syrup
Birch tar oil,2026-07-30T17:43:21.061063+00:00,compose,Brazilian black beans
Birch tar oil,2026-07-30T17:43:47.189186+00:00,compose,Brazilian black beans
Birch tar oil,2026-07-30T17:43:53.726268+00:00,compose,Brazilian black beans
Birch tar oil,2026-07-30T17:44:00.385565+00:00,compose,Brazilian black beans
Birch tar oil,2026-07-30T17:46:08.592350+00:00,compose,Hazelnut ice cream
Birch tar oil,2026-07-30T17:52:43.079565+00:00,compose,Southwestern beef
Birch tar oil,2026-07-30T18:01:07.833899+00:00,compose,Hazelnut ice cream
Birch tar oil,2026-07-30T18:01:18.067882+00:00,compose,Hazelnut ice cream
Birch tar oil,2026-07-30T18:09:01.954917+00:00,compose,Rosemary
Birch tar oil,2026-07-30T18:33:05.214802+00:00,compose,Rosemary
Birch tar oil,2026-07-30T18:37:48.668985+00:00,compose,steak
Birch tar oil,2026-07-30T18:38:00.101647+00:00,compose,steak
Birch tar oil,2026-07-30T18:38:14.918861+00:00,compose,steak
Birch tar oil,2026-07-30T18:39:14.479884+00:00,compose,Tomato soup
Birch tar oil,2026-07-30T18:39:19.656649+00:00,compose,Tomato soup
Birch tar oil,2026-07-30T19:17:48.783397+00:00,compose,sandalwood
Birch tar oil,2026-07-30T19:18:10.220797+00:00,compose,sandalwood
Birch tar oil,2026-07-30T19:28:25.194555+00:00,compose,wood smoke
Birch tar oil,2026-07-30T19:29:02.454735+00:00,compose,wood smoke
Birch tar oil,2026-07-30T19:54:01.839224+00:00,compose,rotten-egg
Birch tar oil,2026-07-30T19:54:35.239414+00:00,compose,rotten-egg
Birch tar oil,2026-07-30T20:32:44.387736+00:00,compose,Cedar
Birch tar oil,2026-07-30T20:32:50.222744+00:00,compose,Cedar
Birch tar oil,2026-07-30T20:32:55.854879+00:00,compose,Cedar
Birch tar oil,2026-07-30T20:33:01.078793+00:00,compose,Cedar
Birch tar oil,2026-07-30T20:35:15.427824+00:00,compose,wood smoke
Birch tar oil,2026-07-30T20:43:10.974068+00:00,compose,lilac
Birch tar oil,2026-07-30T20:43:11.979229+00:00,compose,lilac
Birch tar oil,2026-07-30T20:47:06.224846+00:00,compose,wintergreen
Birch tar oil,2026-07-30T20:49:12.706337+00:00,compose,saffron
Birch tar oil,2026-07-30T21:00:26.270284+00:00,compose,burnt rubber
Birch tar oil,2026-07-30T21:03:40.401895+00:00,compose,rotten fish
Birch tar oil,2026-07-30T21:07:41.785469+00:00,compose,cumin
Birch tar oil,2026-07-30T21:11:45.701685+00:00,compose,butyric
Birch tar oil,2026-07-30T21:30:58.601038+00:00,compose,Texas barbeque brisket
Birch tar oil,2026-07-30T21:33:25.736967+00:00,compose,Oolong tea
Birch tar oil,2026-07-31T18:13:51.585929+00:00,compose,vanilla
Birch tar oil,2026-07-31T18:14:47.760212+00:00,compose,texas barbeque
Birch tar oil,2026-07-31T18:33:06.599858+00:00,compose,Texas barbecue smoky and spicy
Birch tar oil,2026-07-31T18:33:10.388569+00:00,compose,Texas barbecue smoky and spicy
Birch tar oil,2026-07-31T18:33:14.384567+00:00,compose,Texas barbecue smoky and spicy
Birch tar oil,2026-07-31T18:33:20.124362+00:00,compose,Texas barbecue smoky and spicy
Birch tar oil,2026-07-31T18:33:25.235094+00:00,compose,Texas barbecue smoky and spicy
Birch tar oil,2026-07-31T18:38:53.430569+00:00,compose,smoky
Birch tar oil,2026-07-31T19:09:26.023597+00:00,compose,Smoky nigerian jollof
Birch tar oil,2026-07-31T19:13:43.269642+00:00,compose,roasted peanuts
Birch tar oil,2026-08-03T00:25:56.961680+00:00,compose,lemon and smoky campfire together
Birch tar oil,2026-08-03T01:17:34.383202+00:00,compose,coffee
Birch tar oil,2026-08-03T01:18:10.781808+00:00,compose,coffee pie
Birch tar oil,2026-08-03T01:25:43.290520+00:00,compose,coffee candy
Birch tar oil,2026-08-03T01:27:29.690945+00:00,compose,coffee and baguette
Birch tar oil,2026-08-03T13:02:49.731397+00:00,compose,cofee
Birch tar oil,2026-08-03T13:32:58.257498+00:00,compose,Hotdog
Birch tar oil,2026-08-03T13:35:03.499684+00:00,compose,steak
Birch tar oil,2026-08-03T14:02:11.512651+00:00,compose,Texas barbeque brisket
Peppermint,2026-07-30T17:09:54.603653+00:00,compose,honeyed
Peppermint,2026-07-30T17:09:56.526564+00:00,compose,honeyed
Peppermint,2026-07-30T17:10:02.289646+00:00,compose,honeyed
Peppermint,2026-07-30T17:13:03.749149+00:00,compose,You
Peppermint,2026-07-30T17:13:54.722909+00:00,compose,honeyed
Peppermint,2026-07-30T17:16:00.370414+00:00,compose,texas barbeque
Peppermint,2026-07-30T17:23:01.613345+00:00,compose,see you later.
Peppermint,2026-07-30T17:30:23.843613+00:00,compose,rose
Peppermint,2026-07-30T17:31:46.267880+00:00,compose,lavendar
Peppermint,2026-07-30T17:36:42.171954+00:00,compose,hazelnut ice cream
Peppermint,2026-07-30T17:46:06.752593+00:00,compose,Hazelnut ice cream
Peppermint,2026-07-30T17:46:08.592350+00:00,compose,Hazelnut ice cream
Peppermint,2026-07-30T17:46:21.562507+00:00,compose,Hazelnut ice cream
Peppermint,2026-07-30T17:47:46.485673+00:00,compose,Brazilian brigadeiro
Peppermint,2026-07-30T17:49:59.105777+00:00,compose,Key Lime pie
Peppermint,2026-07-30T17:50:23.032460+00:00,compose,Key Lime pie
Peppermint,2026-07-30T17:50:36.473408+00:00,compose,Key Lime pie
Peppermint,2026-07-30T17:51:12.286986+00:00,compose,key lime pie
Peppermint,2026-07-30T17:55:13.053470+00:00,compose,latte
Peppermint,2026-07-30T17:58:32.682619+00:00,compose,Cheese pizza
Peppermint,2026-07-30T18:01:18.067882+00:00,compose,Hazelnut ice cream
Peppermint,2026-07-30T18:09:01.954917+00:00,compose,Rosemary
Peppermint,2026-07-30T18:15:37.640418+00:00,compose,Rosemary
Peppermint,2026-07-30T18:33:05.214802+00:00,compose,Rosemary
Peppermint,2026-07-30T18:34:27.918607+00:00,compose,strawberry ice cream
Peppermint,2026-07-30T18:34:48.581608+00:00,compose,strawberry ice cream
Peppermint,2026-07-30T18:34:53.683169+00:00,compose,strawberry ice cream
Peppermint,2026-07-30T18:35:25.836464+00:00,compose,hotdog
Peppermint,2026-07-30T18:36:49.002707+00:00,compose,boba tea
Peppermint,2026-07-30T18:40:21.517551+00:00,compose,Chanel No. 5
Peppermint,2026-07-30T18:44:14.485479+00:00,compose,Rain on asphalt
Peppermint,2026-07-30T19:24:55.124964+00:00,compose,lilac
Peppermint,2026-07-30T19:25:23.643653+00:00,compose,lilac
Peppermint,2026-07-30T19:33:35.388013+00:00,compose,lemony
Peppermint,2026-07-30T19:33:42.726481+00:00,compose,lemony
Peppermint,2026-07-30T19:33:57.760529+00:00,compose,lemony
Peppermint,2026-07-30T19:34:33.867149+00:00,compose,jasmine
Peppermint,2026-07-30T19:36:40.587535+00:00,compose,eucalyptus
Peppermint,2026-07-30T19:36:47.557054+00:00,compose,eucalyptus
Peppermint,2026-07-30T19:36:53.197906+00:00,compose,eucalyptus
Peppermint,2026-07-30T19:49:48.034460+00:00,compose,minty
Peppermint,2026-07-30T19:59:31.377733+00:00,compose,skin-care
Peppermint,2026-07-30T20:04:08.471577+00:00,compose,sour_milk
Peppermint,2026-07-30T20:04:14.847917+00:00,compose,sour_milk
Peppermint,2026-07-30T20:06:25.165073+00:00,compose,peppery
Peppermint,2026-07-30T20:06:34.350117+00:00,compose,peppery
Peppermint,2026-07-30T20:09:09.046970+00:00,compose,cinnamon
Peppermint,2026-07-30T20:18:46.424212+00:00,compose,nail-polisher
Peppermint,2026-07-30T20:19:00.367662+00:00,compose,nail-polisher
Peppermint,2026-07-30T20:22:35.555566+00:00,compose,fishy
Peppermint,2026-07-30T20:22:46.841412+00:00,compose,fishy
Peppermint,2026-07-30T20:29:08.163282+00:00,compose,tangy
Peppermint,2026-07-30T20:32:50.222744+00:00,compose,Cedar
Peppermint,2026-07-30T20:37:05.816526+00:00,compose,fresh bread
Peppermint,2026-07-30T20:39:20.655520+00:00,compose,minty
Peppermint,2026-07-30T20:40:29.468593+00:00,compose,jasmine
Peppermint,2026-07-30T20:40:55.703714+00:00,compose,jasmine
Peppermint,2026-07-30T20:45:28.156108+00:00,compose,vanilla
Peppermint,2026-07-30T20:45:32.063111+00:00,compose,vanilla
Peppermint,2026-07-30T20:45:36.307623+00:00,compose,vanilla
Peppermint,2026-07-30T20:45:40.601542+00:00,compose,vanilla
Peppermint,2026-07-30T20:45:47.668802+00:00,compose,vanilla
Peppermint,2026-07-30T20:45:51.971101+00:00,compose,vanilla
Peppermint,2026-07-30T20:49:37.867711+00:00,compose,flower
Peppermint,2026-07-30T20:55:19.477428+00:00,compose,sweaty
Peppermint,2026-07-30T20:55:26.005623+00:00,compose,sweaty
Peppermint,2026-07-30T21:09:24.914718+00:00,compose,fishy
Peppermint,2026-07-30T21:12:01.777909+00:00,compose,butyric
Peppermint,2026-07-30T21:13:00.046042+00:00,compose,aftershave
Peppermint,2026-07-30T21:14:50.123072+00:00,compose,peppery
Peppermint,2026-07-30T21:35:50.300273+00:00,compose,Bergamot
Peppermint,2026-07-30T21:36:47.646461+00:00,compose,Paris cafe
Peppermint,2026-07-31T18:13:51.585929+00:00,compose,vanilla
Peppermint,2026-07-31T18:13:58.306769+00:00,compose,vanilla
Peppermint,2026-07-31T18:23:53.048778+00:00,compose,peppermint
Peppermint,2026-07-31T18:26:35.020956+00:00,compose,eucalyptus
Peppermint,2026-07-31T18:37:20.044683+00:00,compose,rosemary
Peppermint,2026-07-31T18:46:34.036032+00:00,compose,eucalyptus
Peppermint,2026-07-31T18:56:21.798431+00:00,compose,air_freshener
Peppermint,2026-07-31T18:57:36.345837+00:00,compose,air_freshener
Peppermint,2026-08-01T22:48:05.383250+00:00,compose,vanilla
Peppermint,2026-08-02T00:05:34.930395+00:00,compose,peppermint
Peppermint,2026-08-02T02:04:23.023431+00:00,compose,watermelon
Peppermint,2026-08-02T02:15:49.926590+00:00,compose,strawberry
Peppermint,2026-08-02T02:51:23.995723+00:00,compose,strawberry
Peppermint,2026-08-03T01:14:45.647075+00:00,compose,vanilla with a splash of peppermint
Peppermint,2026-08-03T01:26:55.650660+00:00,compose,vanilla with a splash of peppermint
Peppermint,2026-08-03T13:28:40.825570+00:00,compose,rosemary
Peppermint,2026-08-03T13:28:47.853264+00:00,compose,rosemary
Peppermint,2026-08-03T13:28:55.259337+00:00,compose,rosemary
Peppermint,2026-08-03T13:29:37.747882+00:00,compose,rosemary
Peppermint,2026-08-03T13:29:51.254782+00:00,compose,strawberry ice cream
Peppermint,2026-08-03T13:42:35.885094+00:00,compose,Nostalgia
Peppermint,2026-08-03T13:44:36.428228+00:00,compose,Rain on asphalt
Peppermint,2026-08-03T14:13:02.072645+00:00,compose,green tea
Cognac,2026-07-30T16:41:56.703426+00:00,compose,a cognac-soaked evening by a wood fire
Cognac,2026-07-30T16:46:55.670627+00:00,compose,feces
Cognac,2026-07-30T17:09:47.880790+00:00,compose,honeyed
Cognac,2026-07-30T17:13:03.749149+00:00,compose,You
Cognac,2026-07-30T17:16:00.370414+00:00,compose,texas barbeque
Cognac,2026-07-30T17:17:25.671006+00:00,compose,perfume
Cognac,2026-07-30T17:17:31.817372+00:00,compose,perfume
Cognac,2026-07-30T17:26:24.465356+00:00,compose,perfume
Cognac,2026-07-30T17:36:42.171954+00:00,compose,hazelnut ice cream
Cognac,2026-07-30T17:39:44.991487+00:00,compose,Bacon cheeseburger
Cognac,2026-07-30T17:40:07.418053+00:00,compose,Bacon cheeseburger
Cognac,2026-07-30T17:40:13.859797+00:00,compose,Bacon cheeseburger
Cognac,2026-07-30T17:40:35.014991+00:00,compose,Bacon cheeseburger
Cognac,2026-07-30T17:41:10.354854+00:00,compose,Bacon cheeseburger
Cognac,2026-07-30T17:46:06.752593+00:00,compose,Hazelnut ice cream
Cognac,2026-07-30T17:46:08.592350+00:00,compose,Hazelnut ice cream
Cognac,2026-07-30T17:47:39.118333+00:00,compose,Brazilian brigadeiro
Cognac,2026-07-30T17:47:45.465544+00:00,compose,Brazilian brigadeiro
Cognac,2026-07-30T17:47:46.485673+00:00,compose,Brazilian brigadeiro
Cognac,2026-07-30T17:49:59.105777+00:00,compose,Key Lime pie
Cognac,2026-07-30T17:50:23.032460+00:00,compose,Key Lime pie
Cognac,2026-07-30T17:50:36.473408+00:00,compose,Key Lime pie
Cognac,2026-07-30T17:50:56.135934+00:00,compose,lime
Cognac,2026-07-30T17:51:00.330713+00:00,compose,Key Lime pie
Cognac,2026-07-30T17:52:43.079565+00:00,compose,Southwestern beef
Cognac,2026-07-30T17:56:39.145298+00:00,compose,Chocolate
Cognac,2026-07-30T17:59:06.903065+00:00,compose,Strawberry milkshake
Cognac,2026-07-30T18:01:18.067882+00:00,compose,Hazelnut ice cream
Cognac,2026-07-30T18:35:25.836464+00:00,compose,hotdog
Cognac,2026-07-30T18:35:31.945504+00:00,compose,hotdog
Cognac,2026-07-30T18:35:39.929598+00:00,compose,hotdog
Cognac,2026-07-30T18:38:00.101647+00:00,compose,steak
Cognac,2026-07-30T18:38:14.918861+00:00,compose,steak
Cognac,2026-07-30T18:39:19.656649+00:00,compose,Tomato soup
Cognac,2026-07-30T18:43:09.195242+00:00,compose,Nostalgia
Cognac,2026-07-30T19:20:41.279176+00:00,compose,Coconut
Cognac,2026-07-30T19:27:31.545282+00:00,compose,woodsmoke
Cognac,2026-07-30T19:28:52.902000+00:00,compose,woodsmoke
Cognac,2026-07-30T19:45:51.279851+00:00,compose,toasty
Cognac,2026-07-30T19:46:18.508747+00:00,compose,toasty
Cognac,2026-07-30T19:47:16.335579+00:00,compose,toasty
Cognac,2026-07-30T19:54:01.839224+00:00,compose,rotten-egg
Cognac,2026-07-30T19:54:35.239414+00:00,compose,rotten-egg
Cognac,2026-07-30T19:59:31.377733+00:00,compose,skin-care
Cognac,2026-07-30T20:04:08.471577+00:00,compose,sour_milk
Cognac,2026-07-30T20:04:14.847917+00:00,compose,sour_milk
Cognac,2026-07-30T20:15:37.949702+00:00,compose,chlorine
Cognac,2026-07-30T20:15:43.657452+00:00,compose,chlorine
Cognac,2026-07-30T20:16:49.967644+00:00,compose,vinegar-like
Cognac,2026-07-30T20:18:46.424212+00:00,compose,nail-polisher
Cognac,2026-07-30T20:18:54.951868+00:00,compose,nail-polisher
Cognac,2026-07-30T20:19:00.367662+00:00,compose,nail-polisher
Cognac,2026-07-30T20:20:45.560805+00:00,compose,feces
Cognac,2026-07-30T20:20:54.694270+00:00,compose,feces
Cognac,2026-07-30T20:30:59.715920+00:00,compose,Coconut
Cognac,2026-07-30T20:37:05.816526+00:00,compose,fresh bread
Cognac,2026-07-30T20:37:31.414213+00:00,compose,fresh bread
Cognac,2026-07-30T20:37:40.983784+00:00,compose,fresh bread
Cognac,2026-07-30T20:45:06.713590+00:00,compose,Vanilla
Cognac,2026-07-30T20:45:17.054103+00:00,compose,Vanilla
Cognac,2026-07-30T20:45:28.156108+00:00,compose,vanilla
Cognac,2026-07-30T20:45:32.063111+00:00,compose,vanilla
Cognac,2026-07-30T20:45:36.307623+00:00,compose,vanilla
Cognac,2026-07-30T20:45:40.601542+00:00,compose,vanilla
Cognac,2026-07-30T20:45:47.668802+00:00,compose,vanilla
Cognac,2026-07-30T20:45:51.971101+00:00,compose,vanilla
Cognac,2026-07-30T20:47:28.226734+00:00,compose,wintergreen
Cognac,2026-07-30T20:47:32.013904+00:00,compose,wintergreen
Cognac,2026-07-30T20:49:12.706337+00:00,compose,saffron
Cognac,2026-07-30T20:49:35.099175+00:00,compose,saffron
Cognac,2026-07-30T20:49:41.859084+00:00,compose,saffron
Cognac,2026-07-30T20:51:26.105844+00:00,compose,currant
Cognac,2026-07-30T20:53:29.087330+00:00,compose,chlorine
Cognac,2026-07-30T20:53:39.442923+00:00,compose,chlorine
Cognac,2026-07-30T20:58:12.952214+00:00,compose,yeasty
Cognac,2026-07-30T21:00:17.977592+00:00,compose,burnt_rubber
Cognac,2026-07-30T21:00:22.686500+00:00,compose,burnt_rubber
Cognac,2026-07-30T21:05:40.438276+00:00,compose,perfume
Cognac,2026-07-30T21:28:31.330694+00:00,compose,Chinese Beef vermicelli
Cognac,2026-07-30T21:30:58.601038+00:00,compose,Texas barbeque brisket
Cognac,2026-07-30T21:37:41.503856+00:00,compose,Stinky mandarin fish
Cognac,2026-07-31T18:13:51.585929+00:00,compose,vanilla
Cognac,2026-07-31T18:13:58.306769+00:00,compose,vanilla
Cognac,2026-07-31T18:14:12.227762+00:00,compose,vanilla
Cognac,2026-07-31T18:20:36.438367+00:00,compose,vanilla
Cognac,2026-07-31T18:24:11.175152+00:00,compose,vanilla
Cognac,2026-07-31T18:24:27.435803+00:00,compose,vanilla
Cognac,2026-07-31T18:56:04.902078+00:00,compose,nail-polisher
Cognac,2026-07-31T18:56:47.297787+00:00,compose,nail-polisher
Cognac,2026-07-31T18:58:47.321994+00:00,compose,anise
Cognac,2026-07-31T18:59:43.548672+00:00,compose,feces
Cognac,2026-07-31T19:02:59.373617+00:00,compose,disinfectant
Cognac,2026-07-31T19:22:24.992982+00:00,compose,Coffee
Cognac,2026-08-01T22:47:43.859852+00:00,compose,vanilla
Cognac,2026-08-01T22:48:05.383250+00:00,compose,vanilla
Cognac,2026-08-01T22:49:48.370829+00:00,compose,vanilla
Cognac,2026-08-01T22:49:50.854786+00:00,compose,vanilla
Cognac,2026-08-03T00:26:04.192547+00:00,compose,boozy sour cocktail
Cognac,2026-08-03T01:25:43.290520+00:00,compose,coffee candy
Cognac,2026-08-03T13:02:49.731397+00:00,compose,cofee
Cognac,2026-08-03T13:09:43.523159+00:00,compose,durian
Cognac,2026-08-03T13:11:25.832810+00:00,compose,durian
Cognac,2026-08-03T13:29:21.763189+00:00,compose,durian
Cognac,2026-08-03T13:29:21.910076+00:00,compose,durian
Cognac,2026-08-03T13:29:21.998687+00:00,compose,durian
Cognac,2026-08-03T13:29:22.074770+00:00,compose,durian
Cognac,2026-08-03T13:29:22.319110+00:00,compose,durian
Cognac,2026-08-03T13:29:22.610483+00:00,compose,durian
Cognac,2026-08-03T13:29:22.970153+00:00,compose,durian
Cognac,2026-08-03T13:29:23.036767+00:00,compose,durian
Cognac,2026-08-03T13:29:26.008317+00:00,compose,durian
Cognac,2026-08-03T13:29:51.254782+00:00,compose,strawberry ice cream
Cognac,2026-08-03T13:29:59.668252+00:00,compose,strawberry ice cream
Cognac,2026-08-03T13:30:06.220941+00:00,compose,strawberry ice cream
Cognac,2026-08-03T13:31:50.976161+00:00,compose,strawberry ice cream
Cognac,2026-08-03T14:00:08.947313+00:00,compose,Chinese Beef vermicelli
Cognac,2026-08-03T14:16:50.733159+00:00,feedback,Add some cognac.
Cognac,2026-08-03T14:18:59.247601+00:00,compose,paris cafe
Vinegar,2026-07-30T17:13:03.749149+00:00,compose,You
Vinegar,2026-07-30T17:24:39.550344+00:00,compose,fresh-bread
Vinegar,2026-07-30T17:40:13.859797+00:00,compose,Bacon cheeseburger
Vinegar,2026-07-30T17:41:10.354854+00:00,compose,Bacon cheeseburger
Vinegar,2026-07-30T17:41:10.974496+00:00,compose,Bacon cheeseburger
Vinegar,2026-07-30T17:41:16.049137+00:00,compose,Bacon cheeseburger
Vinegar,2026-07-30T17:43:21.061063+00:00,compose,Brazilian black beans
Vinegar,2026-07-30T17:43:47.189186+00:00,compose,Brazilian black beans
Vinegar,2026-07-30T17:43:53.726268+00:00,compose,Brazilian black beans
Vinegar,2026-07-30T17:44:00.385565+00:00,compose,Brazilian black beans
Vinegar,2026-07-30T17:50:56.135934+00:00,compose,lime
Vinegar,2026-07-30T17:51:02.179344+00:00,compose,lime pie
Vinegar,2026-07-30T17:51:12.286986+00:00,compose,key lime pie
Vinegar,2026-07-30T17:56:39.145298+00:00,compose,Chocolate
Vinegar,2026-07-30T17:58:01.893960+00:00,compose,Cheese pizza
Vinegar,2026-07-30T17:58:10.068545+00:00,compose,Cheese pizza
Vinegar,2026-07-30T18:35:31.945504+00:00,compose,hotdog
Vinegar,2026-07-30T18:39:14.479884+00:00,compose,Tomato soup
Vinegar,2026-07-30T18:39:19.656649+00:00,compose,Tomato soup
Vinegar,2026-07-30T18:44:14.485479+00:00,compose,Rain on asphalt
Vinegar,2026-07-30T19:27:48.807922+00:00,compose,woodsmoke
Vinegar,2026-07-30T19:28:22.502284+00:00,compose,woodsmoke
Vinegar,2026-07-30T19:54:01.839224+00:00,compose,rotten-egg
Vinegar,2026-07-30T19:54:35.239414+00:00,compose,rotten-egg
Vinegar,2026-07-30T19:59:31.377733+00:00,compose,skin-care
Vinegar,2026-07-30T20:04:08.471577+00:00,compose,sour_milk
Vinegar,2026-07-30T20:04:14.847917+00:00,compose,sour_milk
Vinegar,2026-07-30T20:04:20.181648+00:00,compose,sour milk
Vinegar,2026-07-30T20:06:25.165073+00:00,compose,peppery
Vinegar,2026-07-30T20:06:34.350117+00:00,compose,peppery
Vinegar,2026-07-30T20:12:14.742722+00:00,compose,sweaty
Vinegar,2026-07-30T20:15:37.949702+00:00,compose,chlorine
Vinegar,2026-07-30T20:15:43.657452+00:00,compose,chlorine
Vinegar,2026-07-30T20:16:49.967644+00:00,compose,vinegar-like
Vinegar,2026-07-30T20:16:58.723143+00:00,compose,vinegar-like
Vinegar,2026-07-30T20:22:35.555566+00:00,compose,fishy
Vinegar,2026-07-30T20:22:41.254777+00:00,compose,fishy
Vinegar,2026-07-30T20:22:46.841412+00:00,compose,fishy
Vinegar,2026-07-30T20:37:40.983784+00:00,compose,fresh bread
Vinegar,2026-07-30T20:45:40.601542+00:00,compose,vanilla
Vinegar,2026-07-30T20:47:28.226734+00:00,compose,wintergreen
Vinegar,2026-07-30T20:53:29.087330+00:00,compose,chlorine
Vinegar,2026-07-30T20:53:39.442923+00:00,compose,chlorine
Vinegar,2026-07-30T20:55:19.477428+00:00,compose,sweaty
Vinegar,2026-07-30T20:55:26.005623+00:00,compose,sweaty
Vinegar,2026-07-30T20:58:12.952214+00:00,compose,yeasty
Vinegar,2026-07-30T21:00:17.977592+00:00,compose,burnt_rubber
Vinegar,2026-07-30T21:00:22.686500+00:00,compose,burnt_rubber
Vinegar,2026-07-30T21:00:26.270284+00:00,compose,burnt rubber
Vinegar,2026-07-30T21:01:40.205869+00:00,compose,musty
Vinegar,2026-07-30T21:03:40.401895+00:00,compose,rotten fish
Vinegar,2026-07-30T21:04:03.474841+00:00,compose,rotten fish
Vinegar,2026-07-30T21:09:24.914718+00:00,compose,fishy
Vinegar,2026-07-30T21:09:35.756555+00:00,compose,fishy
Vinegar,2026-07-30T21:11:04.535570+00:00,compose,butyric
Vinegar,2026-07-30T21:11:39.147955+00:00,compose,butyric
Vinegar,2026-07-30T21:11:45.701685+00:00,compose,butyric
Vinegar,2026-07-30T21:12:01.777909+00:00,compose,butyric
Vinegar,2026-07-30T21:14:50.123072+00:00,compose,peppery
Vinegar,2026-07-30T21:28:31.330694+00:00,compose,Chinese Beef vermicelli
Vinegar,2026-07-30T21:35:50.300273+00:00,compose,Bergamot
Vinegar,2026-07-30T21:37:41.503856+00:00,compose,Stinky mandarin fish
Vinegar,2026-07-30T21:38:25.231142+00:00,compose,Sweet and Sour Pork
Vinegar,2026-07-31T18:04:56.723742+00:00,compose,sweaty gym locker room
Vinegar,2026-07-31T18:13:00.757675+00:00,compose,vanilla
Vinegar,2026-07-31T18:19:23.942863+00:00,compose,sweaty
Vinegar,2026-07-31T18:55:00.183579+00:00,compose,rotten-egg
Vinegar,2026-07-31T18:55:26.610879+00:00,compose,rotten-egg
Vinegar,2026-07-31T19:00:45.936679+00:00,compose,sour_milk
Vinegar,2026-07-31T19:00:56.680715+00:00,compose,sour milk
Vinegar,2026-07-31T19:02:59.373617+00:00,compose,disinfectant
Vinegar,2026-07-31T19:03:49.427987+00:00,compose,bad_breath
Vinegar,2026-07-31T19:05:03.039467+00:00,compose,bad_breath
Vinegar,2026-07-31T19:15:54.041045+00:00,compose,Onion
Vinegar,2026-07-31T19:17:51.507469+00:00,compose,Nigerian Egusi soup
Vinegar,2026-07-31T19:18:38.375406+00:00,compose,Nigerian Egusi soup
Vinegar,2026-07-31T19:18:53.022283+00:00,compose,Nigerian Egusi soup
Vinegar,2026-07-31T19:19:05.207700+00:00,compose,Nigerian Egusi soup
Vinegar,2026-07-31T19:19:11.968526+00:00,compose,Nigerian Egusi soup
Vinegar,2026-07-31T19:19:19.139794+00:00,compose,Nigerian Egusi soup
Vinegar,2026-07-31T19:19:25.686436+00:00,compose,Nigerian Egusi soup
Vinegar,2026-08-02T00:06:49.273960+00:00,compose,hotpot
Vinegar,2026-08-02T00:06:56.441451+00:00,compose,hotpot
Vinegar,2026-08-03T00:26:04.192547+00:00,compose,boozy sour cocktail
Vinegar,2026-08-03T00:26:15.358954+00:00,compose,citrus with a hint of sweat
Vinegar,2026-08-03T01:18:10.781808+00:00,compose,coffee pie
Vinegar,2026-08-03T13:05:40.260735+00:00,compose,duriant
Vinegar,2026-08-03T13:31:44.538111+00:00,compose,strawberry ice cream
Vinegar,2026-08-03T13:35:59.925145+00:00,compose,Tomato soup
Vinegar,2026-08-03T13:44:36.428228+00:00,compose,Rain on asphalt
Vinegar,2026-08-03T14:20:34.791279+00:00,compose,Stinky mandarin fish
Vinegar,2026-08-03T14:21:43.090267+00:00,feedback,Add some isobaric acid.
Vinegar,2026-08-03T14:22:59.692058+00:00,compose,Sweet and Sour Pork
Vinegar,2026-08-03T14:24:08.112550+00:00,feedback,Add lavender and vanilla.
Vinegar,2026-08-03T14:34:59.662409+00:00,compose,Sweet and Sour Pork
Isovaleric acid,2026-07-30T16:46:55.670627+00:00,compose,feces
Isovaleric acid,2026-07-30T17:24:24.596258+00:00,compose,fresh-bread
Isovaleric acid,2026-07-30T17:39:41.423705+00:00,compose,Bacon cheeseburger
Isovaleric acid,2026-07-30T17:39:44.991487+00:00,compose,Bacon cheeseburger
Isovaleric acid,2026-07-30T17:39:46.526024+00:00,compose,Bacon cheeseburger
Isovaleric acid,2026-07-30T17:39:58.916611+00:00,compose,Bacon cheeseburger
Isovaleric acid,2026-07-30T17:40:07.418053+00:00,compose,Bacon cheeseburger
Isovaleric acid,2026-07-30T17:40:13.859797+00:00,compose,Bacon cheeseburger
Isovaleric acid,2026-07-30T17:40:35.014991+00:00,compose,Bacon cheeseburger
Isovaleric acid,2026-07-30T17:41:10.354854+00:00,compose,Bacon cheeseburger
Isovaleric acid,2026-07-30T17:41:10.974496+00:00,compose,Bacon cheeseburger
Isovaleric acid,2026-07-30T17:41:16.049137+00:00,compose,Bacon cheeseburger
Isovaleric acid,2026-07-30T17:43:21.061063+00:00,compose,Brazilian black beans
Isovaleric acid,2026-07-30T17:43:47.189186+00:00,compose,Brazilian black beans
Isovaleric acid,2026-07-30T17:49:59.105777+00:00,compose,Key Lime pie
Isovaleric acid,2026-07-30T17:56:33.983909+00:00,compose,Chocolate
Isovaleric acid,2026-07-30T17:58:01.893960+00:00,compose,Cheese pizza
Isovaleric acid,2026-07-30T17:58:10.068545+00:00,compose,Cheese pizza
Isovaleric acid,2026-07-30T17:58:32.682619+00:00,compose,Cheese pizza
Isovaleric acid,2026-07-30T17:59:00.117137+00:00,compose,Strawberry milkshake
Isovaleric acid,2026-07-30T18:34:29.557185+00:00,compose,strawberry ice cream
Isovaleric acid,2026-07-30T18:35:25.836464+00:00,compose,hotdog
Isovaleric acid,2026-07-30T18:35:31.945504+00:00,compose,hotdog
Isovaleric acid,2026-07-30T18:35:39.929598+00:00,compose,hotdog
Isovaleric acid,2026-07-30T18:37:48.668985+00:00,compose,steak
Isovaleric acid,2026-07-30T18:44:14.485479+00:00,compose,Rain on asphalt
Isovaleric acid,2026-07-30T19:23:18.097778+00:00,compose,currant
Isovaleric acid,2026-07-30T19:24:55.124964+00:00,compose,lilac
Isovaleric acid,2026-07-30T19:31:27.648567+00:00,compose,jasmine
Isovaleric acid,2026-07-30T19:36:47.557054+00:00,compose,eucalyptus
Isovaleric acid,2026-07-30T20:04:20.181648+00:00,compose,sour milk
Isovaleric acid,2026-07-30T20:12:14.742722+00:00,compose,sweaty
Isovaleric acid,2026-07-30T20:15:37.949702+00:00,compose,chlorine
Isovaleric acid,2026-07-30T20:15:43.657452+00:00,compose,chlorine
Isovaleric acid,2026-07-30T20:16:49.967644+00:00,compose,vinegar-like
Isovaleric acid,2026-07-30T20:16:58.723143+00:00,compose,vinegar-like
Isovaleric acid,2026-07-30T20:18:46.424212+00:00,compose,nail-polisher
Isovaleric acid,2026-07-30T20:18:54.951868+00:00,compose,nail-polisher
Isovaleric acid,2026-07-30T20:19:00.367662+00:00,compose,nail-polisher
Isovaleric acid,2026-07-30T20:20:45.560805+00:00,compose,feces
Isovaleric acid,2026-07-30T20:20:54.694270+00:00,compose,feces
Isovaleric acid,2026-07-30T20:22:35.555566+00:00,compose,fishy
Isovaleric acid,2026-07-30T20:22:41.254777+00:00,compose,fishy
Isovaleric acid,2026-07-30T20:22:46.841412+00:00,compose,fishy
Isovaleric acid,2026-07-30T20:32:55.854879+00:00,compose,Cedar
Isovaleric acid,2026-07-30T20:45:36.307623+00:00,compose,vanilla
Isovaleric acid,2026-07-30T20:51:20.951517+00:00,compose,currant
Isovaleric acid,2026-07-30T20:53:29.087330+00:00,compose,chlorine
Isovaleric acid,2026-07-30T20:53:39.442923+00:00,compose,chlorine
Isovaleric acid,2026-07-30T20:54:31.860740+00:00,compose,sweaty
Isovaleric acid,2026-07-30T20:55:19.477428+00:00,compose,sweaty
Isovaleric acid,2026-07-30T20:55:26.005623+00:00,compose,sweaty
Isovaleric acid,2026-07-30T20:58:12.952214+00:00,compose,yeasty
Isovaleric acid,2026-07-30T21:00:17.977592+00:00,compose,burnt_rubber
Isovaleric acid,2026-07-30T21:00:22.686500+00:00,compose,burnt_rubber
Isovaleric acid,2026-07-30T21:00:26.270284+00:00,compose,burnt rubber
Isovaleric acid,2026-07-30T21:01:40.205869+00:00,compose,musty
Isovaleric acid,2026-07-30T21:03:40.401895+00:00,compose,rotten fish
Isovaleric acid,2026-07-30T21:04:03.474841+00:00,compose,rotten fish
Isovaleric acid,2026-07-30T21:07:41.785469+00:00,compose,cumin
Isovaleric acid,2026-07-30T21:09:24.914718+00:00,compose,fishy
Isovaleric acid,2026-07-30T21:09:35.756555+00:00,compose,fishy
Isovaleric acid,2026-07-30T21:11:04.535570+00:00,compose,butyric
Isovaleric acid,2026-07-30T21:11:39.147955+00:00,compose,butyric
Isovaleric acid,2026-07-30T21:11:45.701685+00:00,compose,butyric
Isovaleric acid,2026-07-30T21:12:01.777909+00:00,compose,butyric
Isovaleric acid,2026-07-31T18:04:56.723742+00:00,compose,sweaty gym locker room
Isovaleric acid,2026-07-31T18:15:20.322713+00:00,compose,sweaty
Isovaleric acid,2026-07-31T18:19:23.942863+00:00,compose,sweaty
Isovaleric acid,2026-07-31T18:54:11.651471+00:00,compose,wet dog
Isovaleric acid,2026-07-31T18:59:33.820142+00:00,compose,feces
Isovaleric acid,2026-07-31T18:59:43.548672+00:00,compose,feces
Isovaleric acid,2026-07-31T19:00:56.680715+00:00,compose,sour milk
Isovaleric acid,2026-07-31T19:03:49.427987+00:00,compose,bad_breath
Isovaleric acid,2026-07-31T19:05:03.039467+00:00,compose,bad_breath
Isovaleric acid,2026-07-31T19:15:54.041045+00:00,compose,Onion
Isovaleric acid,2026-07-31T19:17:51.507469+00:00,compose,Nigerian Egusi soup
Isovaleric acid,2026-07-31T19:18:38.375406+00:00,compose,Nigerian Egusi soup
Isovaleric acid,2026-07-31T19:18:46.034159+00:00,compose,Nigerian Egusi soup
Isovaleric acid,2026-07-31T19:18:53.022283+00:00,compose,Nigerian Egusi soup
Isovaleric acid,2026-07-31T19:19:11.968526+00:00,compose,Nigerian Egusi soup
Isovaleric acid,2026-07-31T19:19:25.686436+00:00,compose,Nigerian Egusi soup
Isovaleric acid,2026-08-02T00:06:56.441451+00:00,compose,hotpot
Isovaleric acid,2026-08-02T02:11:27.787814+00:00,compose,strawberry
Isovaleric acid,2026-08-02T02:15:49.926590+00:00,compose,strawberry
Isovaleric acid,2026-08-02T02:51:23.995723+00:00,compose,strawberry
Isovaleric acid,2026-08-03T13:09:43.523159+00:00,compose,durian
Isovaleric acid,2026-08-03T13:11:25.080801+00:00,compose,durian
Isovaleric acid,2026-08-03T13:11:25.832810+00:00,compose,durian
Isovaleric acid,2026-08-03T13:11:26.201240+00:00,compose,durian
Isovaleric acid,2026-08-03T13:11:26.532668+00:00,compose,durian
Isovaleric acid,2026-08-03T13:29:21.283798+00:00,compose,durian
Isovaleric acid,2026-08-03T13:29:21.763189+00:00,compose,durian
Isovaleric acid,2026-08-03T13:29:21.910076+00:00,compose,durian
Isovaleric acid,2026-08-03T13:29:21.998687+00:00,compose,durian
Isovaleric acid,2026-08-03T13:29:22.074770+00:00,compose,durian
Isovaleric acid,2026-08-03T13:29:22.234774+00:00,compose,durian
Isovaleric acid,2026-08-03T13:29:22.319110+00:00,compose,durian
Isovaleric acid,2026-08-03T13:29:22.446019+00:00,compose,durian
Isovaleric acid,2026-08-03T13:29:22.610483+00:00,compose,durian
Isovaleric acid,2026-08-03T13:29:22.970153+00:00,compose,durian
Isovaleric acid,2026-08-03T13:29:23.036767+00:00,compose,durian
Isovaleric acid,2026-08-03T13:29:26.008317+00:00,compose,durian
Isovaleric acid,2026-08-03T14:08:03.877416+00:00,feedback,"But like, in this case, I wouldn't mind if 11 kind of overshadows the others a little bit. Bring the 11 to the front so that it plays earlier in the sequence."
Isovaleric acid,2026-08-03T14:21:43.090267+00:00,feedback,Add some isobaric acid.
