session_id,timestamp,scent_name
4c17b31c-f278-4b4b-9ddc-8ccf499243a0,2026-06-03T22:22:46.048895+00:00,Garlic
4c17b31c-f278-4b4b-9ddc-8ccf499243a0,2026-06-03T22:22:46.048895+00:00,Cilantro
4c17b31c-f278-4b4b-9ddc-8ccf499243a0,2026-06-03T22:22:46.048895+00:00,Sweet Potato
2e377e07-9c3e-4daa-9348-6b194700a8bd,2026-06-08T00:49:09.662616+00:00,Garlic
2e377e07-9c3e-4daa-9348-6b194700a8bd,2026-06-08T00:49:09.662616+00:00,Cumin
2e377e07-9c3e-4daa-9348-6b194700a8bd,2026-06-08T00:49:09.662616+00:00,Almonds
2e377e07-9c3e-4daa-9348-6b194700a8bd,2026-06-08T00:49:09.662616+00:00,Sweet Potato
2dec8b48-6471-4f61-b20b-a71360621db5,2026-06-08T00:49:18.498300+00:00,Garlic
2dec8b48-6471-4f61-b20b-a71360621db5,2026-06-08T00:49:18.498300+00:00,Cumin
2dec8b48-6471-4f61-b20b-a71360621db5,2026-06-08T00:49:18.498300+00:00,Sweet Potato
2dec8b48-6471-4f61-b20b-a71360621db5,2026-06-08T00:49:18.498300+00:00,Angelica
4b8459f4-54cf-4294-a5b1-e791902a7143,2026-06-08T00:50:16.123526+00:00,Citronelly acet
4b8459f4-54cf-4294-a5b1-e791902a7143,2026-06-08T00:50:16.123526+00:00,Benz sal
4b8459f4-54cf-4294-a5b1-e791902a7143,2026-06-08T00:50:16.123526+00:00,Lavendar oil
1fee6e97-03c5-4a91-b9aa-2c9ecd93f182,2026-06-08T00:52:14.808921+00:00,Citronelly acet
1fee6e97-03c5-4a91-b9aa-2c9ecd93f182,2026-06-08T00:52:14.808921+00:00,Lavendar oil
1fee6e97-03c5-4a91-b9aa-2c9ecd93f182,2026-06-08T00:52:14.808921+00:00,Eucalipto
6c7b2d3a-3c2a-4e53-8752-c50edfb5f04a,2026-06-08T01:17:12.210090+00:00,Benz sal
6c7b2d3a-3c2a-4e53-8752-c50edfb5f04a,2026-06-08T01:17:12.210090+00:00,Lavendar oil
6c7b2d3a-3c2a-4e53-8752-c50edfb5f04a,2026-06-08T01:17:12.210090+00:00,Citronelly acet
2213c4c2-dba6-4489-96f0-f25d9d4f6148,2026-06-04T16:36:24.915854+00:00,Garlic
2213c4c2-dba6-4489-96f0-f25d9d4f6148,2026-06-04T16:36:24.915854+00:00,Cilantro
2213c4c2-dba6-4489-96f0-f25d9d4f6148,2026-06-04T16:36:24.915854+00:00,Sweet Potato
2213c4c2-dba6-4489-96f0-f25d9d4f6148,2026-06-04T16:36:24.915854+00:00,Cumin
77195ffd-25f4-489d-addb-894a99c60276,2026-06-04T16:38:26.572645+00:00,Cilantro
77195ffd-25f4-489d-addb-894a99c60276,2026-06-04T16:38:26.572645+00:00,Mugwort
77195ffd-25f4-489d-addb-894a99c60276,2026-06-04T16:38:26.572645+00:00,Spearmint
e4b10751-c230-449d-add9-dc2ee2274650,2026-06-04T16:42:59.992616+00:00,Garlic
e4b10751-c230-449d-add9-dc2ee2274650,2026-06-04T16:42:59.992616+00:00,Cumin
e4b10751-c230-449d-add9-dc2ee2274650,2026-06-04T16:42:59.992616+00:00,Cilantro
e4b10751-c230-449d-add9-dc2ee2274650,2026-06-04T16:42:59.992616+00:00,Spearmint
38833730-c173-405e-bdb5-4b7fdaa43de2,2026-06-14T09:28:42.310998+00:00,Cilantro
38833730-c173-405e-bdb5-4b7fdaa43de2,2026-06-14T09:28:42.310998+00:00,Garlic
38833730-c173-405e-bdb5-4b7fdaa43de2,2026-06-14T09:28:42.310998+00:00,Mugwort
38833730-c173-405e-bdb5-4b7fdaa43de2,2026-06-14T09:28:42.310998+00:00,Spearmint
d8a0640d-6a25-4460-844a-16750f3cdfcc,2026-06-14T09:34:27.403921+00:00,Sweet Potato
d8a0640d-6a25-4460-844a-16750f3cdfcc,2026-06-14T09:34:27.403921+00:00,Cloves
d8a0640d-6a25-4460-844a-16750f3cdfcc,2026-06-14T09:34:27.403921+00:00,Almonds
d8a0640d-6a25-4460-844a-16750f3cdfcc,2026-06-14T09:34:27.403921+00:00,Garlic
62b8eec6-e4bc-455c-ab2d-f644db7d1ec1,2026-06-14T09:37:59.879001+00:00,Mate NHS
62b8eec6-e4bc-455c-ab2d-f644db7d1ec1,2026-06-14T09:37:59.879001+00:00,Lavendar oil
62b8eec6-e4bc-455c-ab2d-f644db7d1ec1,2026-06-14T09:37:59.879001+00:00,Benz sal
d9a17c26-f30d-4180-ae2a-ae8eb7426122,2026-06-14T09:52:37.002743+00:00,Citronelly acet
d9a17c26-f30d-4180-ae2a-ae8eb7426122,2026-06-14T09:52:37.002743+00:00,Lavendar oil
d9a17c26-f30d-4180-ae2a-ae8eb7426122,2026-06-14T09:52:37.002743+00:00,Eucalipto
9c74dbb4-0eee-4c25-8f9d-3349808a6673,2026-06-14T23:24:21.386808+00:00,Citronelly acet
9c74dbb4-0eee-4c25-8f9d-3349808a6673,2026-06-14T23:24:21.386808+00:00,Lavendar oil
9c74dbb4-0eee-4c25-8f9d-3349808a6673,2026-06-14T23:24:21.386808+00:00,Eucalipto
ec42a8e0-94dc-4738-acaa-2e447d131f9b,2026-06-14T23:25:55.563734+00:00,Garlic
ec42a8e0-94dc-4738-acaa-2e447d131f9b,2026-06-14T23:25:55.563734+00:00,Angelica
ec42a8e0-94dc-4738-acaa-2e447d131f9b,2026-06-14T23:25:55.563734+00:00,Spearmint
a348baf3-ca64-4423-9967-f68a52dc872e,2026-06-14T23:29:19.541257+00:00,Garlic
a348baf3-ca64-4423-9967-f68a52dc872e,2026-06-14T23:29:19.541257+00:00,Angelica
a348baf3-ca64-4423-9967-f68a52dc872e,2026-06-14T23:29:19.541257+00:00,Sweet Potato
2043873e-9efe-4984-91cf-7536bc008181,2026-06-17T03:32:58.663234+00:00,Benz sal
2043873e-9efe-4984-91cf-7536bc008181,2026-06-17T03:32:58.663234+00:00,Lavendar oil
2043873e-9efe-4984-91cf-7536bc008181,2026-06-17T03:32:58.663234+00:00,Sichuan oil
d083ea44-139d-4475-9c91-59a238168be6,2026-06-17T03:38:33.110947+00:00,Citronelly acet
d083ea44-139d-4475-9c91-59a238168be6,2026-06-17T03:38:33.110947+00:00,Lavendar oil
d083ea44-139d-4475-9c91-59a238168be6,2026-06-17T03:38:33.110947+00:00,Benz sal
026debca-ce1b-4267-b2bd-bbc8f47e8c67,2026-06-17T04:52:52.308341+00:00,Citronelly acet
026debca-ce1b-4267-b2bd-bbc8f47e8c67,2026-06-17T04:52:52.308341+00:00,Benz sal
026debca-ce1b-4267-b2bd-bbc8f47e8c67,2026-06-17T04:52:52.308341+00:00,Lavendar oil
026debca-ce1b-4267-b2bd-bbc8f47e8c67,2026-06-17T04:52:52.308341+00:00,Mate NHS
d97e2ad2-a89b-4785-aeb5-1038c646210a,2026-06-17T05:03:36.464891+00:00,Lavendar oil
d97e2ad2-a89b-4785-aeb5-1038c646210a,2026-06-17T05:03:36.464891+00:00,Eucalipto
d97e2ad2-a89b-4785-aeb5-1038c646210a,2026-06-17T05:03:36.464891+00:00,Mugwort
d97e2ad2-a89b-4785-aeb5-1038c646210a,2026-06-17T05:03:36.464891+00:00,Angelica
3b327ad9-87a0-49e7-8274-4277afe37276,2026-06-17T05:16:19.357500+00:00,Garlic
3b327ad9-87a0-49e7-8274-4277afe37276,2026-06-17T05:16:19.357500+00:00,Mugwort
3b327ad9-87a0-49e7-8274-4277afe37276,2026-06-17T05:16:19.357500+00:00,Cilantro
3b327ad9-87a0-49e7-8274-4277afe37276,2026-06-17T05:16:19.357500+00:00,Sweet Potato
24fa8a10-64a4-46ad-91e5-47381c581782,2026-06-17T05:20:16.390943+00:00,Citronelly acet
24fa8a10-64a4-46ad-91e5-47381c581782,2026-06-17T05:20:16.390943+00:00,Lavendar oil
24fa8a10-64a4-46ad-91e5-47381c581782,2026-06-17T05:20:16.390943+00:00,Benz sal
24fa8a10-64a4-46ad-91e5-47381c581782,2026-06-17T05:20:16.390943+00:00,Mate NHS
625ba88b-0639-4482-9852-f7ff38d773e7,2026-06-17T05:37:48.385335+00:00,Eucalipto
625ba88b-0639-4482-9852-f7ff38d773e7,2026-06-17T05:37:48.385335+00:00,Mate NHS
625ba88b-0639-4482-9852-f7ff38d773e7,2026-06-17T05:37:48.385335+00:00,Citronelly acet
d05b618c-d0fd-48f0-8f3b-77bb8ae1495a,2026-06-17T06:34:22.523260+00:00,Garlic
d05b618c-d0fd-48f0-8f3b-77bb8ae1495a,2026-06-17T06:34:22.523260+00:00,Angelica
d05b618c-d0fd-48f0-8f3b-77bb8ae1495a,2026-06-17T06:34:22.523260+00:00,Sweet Potato
d05b618c-d0fd-48f0-8f3b-77bb8ae1495a,2026-06-17T06:34:22.523260+00:00,Cilantro
79148e7b-a22c-4f1f-a8fc-80f9d81ed98e,2026-06-17T06:34:54.639971+00:00,Citronelly acet
79148e7b-a22c-4f1f-a8fc-80f9d81ed98e,2026-06-17T06:34:54.639971+00:00,Lavendar oil
79148e7b-a22c-4f1f-a8fc-80f9d81ed98e,2026-06-17T06:34:54.639971+00:00,Eucalipto
b3a27889-01a4-4085-947f-c584e3e4d293,2026-06-17T06:35:09.474160+00:00,Garlic
b3a27889-01a4-4085-947f-c584e3e4d293,2026-06-17T06:35:09.474160+00:00,Angelica
b3a27889-01a4-4085-947f-c584e3e4d293,2026-06-17T06:35:09.474160+00:00,Cilantro
78832e7a-2ddd-4f1b-9570-971dc2381ca9,2026-06-17T06:36:02.096142+00:00,Garlic
78832e7a-2ddd-4f1b-9570-971dc2381ca9,2026-06-17T06:36:02.096142+00:00,Sweet Potato
78832e7a-2ddd-4f1b-9570-971dc2381ca9,2026-06-17T06:36:02.096142+00:00,Cilantro
b45fd198-cef7-4537-ae45-f19524318823,2026-06-17T06:38:28.968891+00:00,Eucalipto
b45fd198-cef7-4537-ae45-f19524318823,2026-06-17T06:38:28.968891+00:00,Mate NHS
b45fd198-cef7-4537-ae45-f19524318823,2026-06-17T06:38:28.968891+00:00,Lavendar oil
dd81c51a-beeb-4397-8870-3b35e024e46b,2026-06-17T06:40:56.801156+00:00,Citronelly acet
dd81c51a-beeb-4397-8870-3b35e024e46b,2026-06-17T06:40:56.801156+00:00,Benz sal
dd81c51a-beeb-4397-8870-3b35e024e46b,2026-06-17T06:40:56.801156+00:00,Lavendar oil
34d5217b-c115-4321-9d30-3627e2ad439d,2026-06-17T07:07:43.088295+00:00,Eucalipto
34d5217b-c115-4321-9d30-3627e2ad439d,2026-06-17T07:07:43.088295+00:00,Lavendar oil
34d5217b-c115-4321-9d30-3627e2ad439d,2026-06-17T07:07:43.088295+00:00,Benz sal
d165dc5a-a477-4a0c-8cef-4656533e0026,2026-06-17T07:12:26.205580+00:00,Garlic
d165dc5a-a477-4a0c-8cef-4656533e0026,2026-06-17T07:12:26.205580+00:00,Angelica
d165dc5a-a477-4a0c-8cef-4656533e0026,2026-06-17T07:12:26.205580+00:00,Sweet Potato
fe0310a2-6594-4810-87e4-1877c9684167,2026-06-17T07:14:59.791783+00:00,Eucalipto
fe0310a2-6594-4810-87e4-1877c9684167,2026-06-17T07:14:59.791783+00:00,Mate NHS
fe0310a2-6594-4810-87e4-1877c9684167,2026-06-17T07:14:59.791783+00:00,Lavendar oil
384ae4e6-2954-4b62-ad74-3c751b48cfec,2026-06-17T07:16:23.064389+00:00,Garlic
384ae4e6-2954-4b62-ad74-3c751b48cfec,2026-06-17T07:16:23.064389+00:00,Mugwort
384ae4e6-2954-4b62-ad74-3c751b48cfec,2026-06-17T07:16:23.064389+00:00,Angelica
08231acb-3fad-4c82-bf2f-05a58ec8d7f5,2026-06-15T03:19:16.697566+00:00,Sweet Potato
08231acb-3fad-4c82-bf2f-05a58ec8d7f5,2026-06-15T03:19:16.697566+00:00,Cilantro
08231acb-3fad-4c82-bf2f-05a58ec8d7f5,2026-06-15T03:19:16.697566+00:00,Spearmint
535ea2f6-cdec-4c83-9596-50f383725708,2026-06-15T03:59:17.004345+00:00,Garlic
535ea2f6-cdec-4c83-9596-50f383725708,2026-06-15T03:59:17.004345+00:00,Angelica
535ea2f6-cdec-4c83-9596-50f383725708,2026-06-15T03:59:17.004345+00:00,Sweet Potato
b242e370-fb6a-4147-b6f2-991312eb62eb,2026-06-15T04:02:52.132687+00:00,Eucalipto
b242e370-fb6a-4147-b6f2-991312eb62eb,2026-06-15T04:02:52.132687+00:00,Citronelly acet
b242e370-fb6a-4147-b6f2-991312eb62eb,2026-06-15T04:02:52.132687+00:00,Lavendar oil
b7115911-bc6a-4208-9b67-18a616ef372d,2026-06-15T04:06:02.162918+00:00,Eucalipto
b7115911-bc6a-4208-9b67-18a616ef372d,2026-06-15T04:06:02.162918+00:00,Mate NHS
b7115911-bc6a-4208-9b67-18a616ef372d,2026-06-15T04:06:02.162918+00:00,Citronelly acet
b7115911-bc6a-4208-9b67-18a616ef372d,2026-06-15T04:06:02.162918+00:00,Lavendar oil
c7aec3f7-7afb-479f-95af-61f3cf50cbb3,2026-06-15T04:11:52.154558+00:00,Citronelly acet
c7aec3f7-7afb-479f-95af-61f3cf50cbb3,2026-06-15T04:11:52.154558+00:00,Lavendar oil
c7aec3f7-7afb-479f-95af-61f3cf50cbb3,2026-06-15T04:11:52.154558+00:00,Benz sal
5db6f762-f66d-419e-b63a-80150674006c,2026-06-15T04:41:17.247967+00:00,Sichuan oil
5db6f762-f66d-419e-b63a-80150674006c,2026-06-15T04:41:17.247967+00:00,Mate NHS
5db6f762-f66d-419e-b63a-80150674006c,2026-06-15T04:41:17.247967+00:00,Citronelly acet
f3c8184e-c5f1-40c5-b1bf-4de4d9e17192,2026-06-15T04:48:03.523110+00:00,Citronelly acet
f3c8184e-c5f1-40c5-b1bf-4de4d9e17192,2026-06-15T04:48:03.523110+00:00,Lavendar oil
f3c8184e-c5f1-40c5-b1bf-4de4d9e17192,2026-06-15T04:48:03.523110+00:00,Benz sal
023274dc-0807-45f7-93c6-4c015f896de9,2026-06-15T05:06:53.128130+00:00,Eucalipto
023274dc-0807-45f7-93c6-4c015f896de9,2026-06-15T05:06:53.128130+00:00,Lavendar oil
023274dc-0807-45f7-93c6-4c015f896de9,2026-06-15T05:06:53.128130+00:00,Mate NHS
023274dc-0807-45f7-93c6-4c015f896de9,2026-06-15T05:06:53.128130+00:00,Benz sal
23be0f7d-7bb2-4501-a36b-d49bd3bf4e62,2026-06-15T05:11:50.914564+00:00,Eucalipto
23be0f7d-7bb2-4501-a36b-d49bd3bf4e62,2026-06-15T05:11:50.914564+00:00,Citronelly acet
23be0f7d-7bb2-4501-a36b-d49bd3bf4e62,2026-06-15T05:11:50.914564+00:00,Lavendar oil
4276d46d-b4e9-4c10-8364-9043ae5a067c,2026-06-15T05:17:08.235494+00:00,Citronelly acet
4276d46d-b4e9-4c10-8364-9043ae5a067c,2026-06-15T05:17:08.235494+00:00,Lavendar oil
4276d46d-b4e9-4c10-8364-9043ae5a067c,2026-06-15T05:17:08.235494+00:00,Benz sal
d9617382-6561-4b1e-a155-e255ec7b4182,2026-06-15T05:22:16.888343+00:00,Citronelly acet
d9617382-6561-4b1e-a155-e255ec7b4182,2026-06-15T05:22:16.888343+00:00,Mate NHS
d9617382-6561-4b1e-a155-e255ec7b4182,2026-06-15T05:22:16.888343+00:00,Eucalipto
e52f240d-06b0-4f79-9d4a-be54f89ee867,2026-06-15T05:40:39.840978+00:00,Sweet Potato
e52f240d-06b0-4f79-9d4a-be54f89ee867,2026-06-15T05:40:39.840978+00:00,Cilantro
e52f240d-06b0-4f79-9d4a-be54f89ee867,2026-06-15T05:40:39.840978+00:00,Garlic
e52f240d-06b0-4f79-9d4a-be54f89ee867,2026-06-15T05:40:39.840978+00:00,Spearmint
74229131-165e-4fa4-ad83-3de31abaf56a,2026-06-15T05:44:17.218488+00:00,Citronelly acet
74229131-165e-4fa4-ad83-3de31abaf56a,2026-06-15T05:44:17.218488+00:00,Benz sal
74229131-165e-4fa4-ad83-3de31abaf56a,2026-06-15T05:44:17.218488+00:00,Lavendar oil
74229131-165e-4fa4-ad83-3de31abaf56a,2026-06-15T05:44:17.218488+00:00,Eucalipto
16ecf790-4f7d-4f45-9eec-11de1955378d,2026-06-15T05:45:59.477698+00:00,Citronelly acet
16ecf790-4f7d-4f45-9eec-11de1955378d,2026-06-15T05:45:59.477698+00:00,Lavendar oil
16ecf790-4f7d-4f45-9eec-11de1955378d,2026-06-15T05:45:59.477698+00:00,Benz sal
e0852b39-08f3-416c-bc03-854d75827e7c,2026-06-15T05:47:13.316926+00:00,Lavendar oil
e0852b39-08f3-416c-bc03-854d75827e7c,2026-06-15T05:47:13.316926+00:00,Benz sal
e9f9fed0-6c65-4c60-8093-cd9214ac41f1,2026-06-15T05:49:32.535274+00:00,Sweet Potato
e9f9fed0-6c65-4c60-8093-cd9214ac41f1,2026-06-15T05:49:32.535274+00:00,Garlic
e9f9fed0-6c65-4c60-8093-cd9214ac41f1,2026-06-15T05:49:32.535274+00:00,Cilantro
e9f9fed0-6c65-4c60-8093-cd9214ac41f1,2026-06-15T05:49:32.535274+00:00,Spearmint
90649cc7-b492-4f9f-a51f-bccd542c6dbd,2026-06-15T05:56:42.321317+00:00,Garlic
90649cc7-b492-4f9f-a51f-bccd542c6dbd,2026-06-15T05:56:42.321317+00:00,Spearmint
90649cc7-b492-4f9f-a51f-bccd542c6dbd,2026-06-15T05:56:42.321317+00:00,Sweet Potato
90649cc7-b492-4f9f-a51f-bccd542c6dbd,2026-06-15T05:56:42.321317+00:00,Cilantro
97afde2c-ccba-4378-b1b2-a6e16a13f57b,2026-06-15T07:34:41.930865+00:00,Sweet Potato
97afde2c-ccba-4378-b1b2-a6e16a13f57b,2026-06-15T07:34:41.930865+00:00,Garlic
97afde2c-ccba-4378-b1b2-a6e16a13f57b,2026-06-15T07:34:41.930865+00:00,Cilantro
89274806-4c7c-4218-921c-46e5233c669a,2026-06-15T07:35:52.941339+00:00,Garlic
89274806-4c7c-4218-921c-46e5233c669a,2026-06-15T07:35:52.941339+00:00,Sweet Potato
89274806-4c7c-4218-921c-46e5233c669a,2026-06-15T07:35:52.941339+00:00,Cilantro
462bc443-dc41-46d8-9e8a-5b6edab66265,2026-06-15T07:41:19.689076+00:00,Eucalipto
462bc443-dc41-46d8-9e8a-5b6edab66265,2026-06-15T07:41:19.689076+00:00,Mate NHS
462bc443-dc41-46d8-9e8a-5b6edab66265,2026-06-15T07:41:19.689076+00:00,Garlic
462bc443-dc41-46d8-9e8a-5b6edab66265,2026-06-15T07:41:19.689076+00:00,Angelica
b4d9536d-a376-40fa-a478-0998c390ce79,2026-06-15T07:49:37.288962+00:00,Sichuan oil
b4d9536d-a376-40fa-a478-0998c390ce79,2026-06-15T07:49:37.288962+00:00,Mate NHS
b4d9536d-a376-40fa-a478-0998c390ce79,2026-06-15T07:49:37.288962+00:00,Eucalipto
64a0ca48-b9b7-4fe6-8a8a-32492d4bfcab,2026-06-15T07:54:01.339038+00:00,Garlic
64a0ca48-b9b7-4fe6-8a8a-32492d4bfcab,2026-06-15T07:54:01.339038+00:00,Sweet Potato
64a0ca48-b9b7-4fe6-8a8a-32492d4bfcab,2026-06-15T07:54:01.339038+00:00,Cilantro
64a0ca48-b9b7-4fe6-8a8a-32492d4bfcab,2026-06-15T07:54:01.339038+00:00,Spearmint
7c029fb6-8635-4e79-ab78-da1b3e9296f2,2026-06-15T08:05:45.073859+00:00,Citronelly acet
7c029fb6-8635-4e79-ab78-da1b3e9296f2,2026-06-15T08:05:45.073859+00:00,Lavendar oil
7c029fb6-8635-4e79-ab78-da1b3e9296f2,2026-06-15T08:05:45.073859+00:00,Eucalipto
4ececce1-5b2e-4557-9600-c200a4594b3c,2026-06-15T08:12:20.967214+00:00,Mate NHS
4ececce1-5b2e-4557-9600-c200a4594b3c,2026-06-15T08:12:20.967214+00:00,Citronelly acet
4ececce1-5b2e-4557-9600-c200a4594b3c,2026-06-15T08:12:20.967214+00:00,Lavendar oil
f80f5cc2-c736-475a-9bf7-dab122400a31,2026-06-15T08:57:22.942714+00:00,Citronelly acet
f80f5cc2-c736-475a-9bf7-dab122400a31,2026-06-15T08:57:22.942714+00:00,Eucalipto
f80f5cc2-c736-475a-9bf7-dab122400a31,2026-06-15T08:57:22.942714+00:00,Mate NHS
04e15f70-dc3e-4024-978e-e115096dca45,2026-06-15T09:10:01.404535+00:00,Citronelly acet
04e15f70-dc3e-4024-978e-e115096dca45,2026-06-15T09:10:01.404535+00:00,Eucalipto
04e15f70-dc3e-4024-978e-e115096dca45,2026-06-15T09:10:01.404535+00:00,Lavendar oil
8cfb0561-0ef4-4585-9e9f-861c1a95a98e,2026-06-15T09:12:25.545825+00:00,Citronelly acet
8cfb0561-0ef4-4585-9e9f-861c1a95a98e,2026-06-15T09:12:25.545825+00:00,Lavendar oil
8cfb0561-0ef4-4585-9e9f-861c1a95a98e,2026-06-15T09:12:25.545825+00:00,Benz sal
1352c864-0e8c-47df-a4c6-93209b131c42,2026-06-15T09:19:55.615790+00:00,Eucalipto
1352c864-0e8c-47df-a4c6-93209b131c42,2026-06-15T09:19:55.615790+00:00,Mate NHS
1352c864-0e8c-47df-a4c6-93209b131c42,2026-06-15T09:19:55.615790+00:00,Lavendar oil
340d0df2-d3b1-4396-b2e8-4f077b7d78b6,2026-06-15T09:29:03.949215+00:00,Citronelly acet
340d0df2-d3b1-4396-b2e8-4f077b7d78b6,2026-06-15T09:29:03.949215+00:00,Spearmint
cfc78ecc-b35a-4f3a-97f9-ecee483b786d,2026-06-15T09:48:49.375274+00:00,Angelica
cfc78ecc-b35a-4f3a-97f9-ecee483b786d,2026-06-15T09:48:49.375274+00:00,Garlic
cfc78ecc-b35a-4f3a-97f9-ecee483b786d,2026-06-15T09:48:49.375274+00:00,Spearmint
3c47874b-f319-4f94-85b1-addf05f73f66,2026-06-15T09:54:05.747300+00:00,Citronelly acet
3c47874b-f319-4f94-85b1-addf05f73f66,2026-06-15T09:54:05.747300+00:00,Lavendar oil
3c47874b-f319-4f94-85b1-addf05f73f66,2026-06-15T09:54:05.747300+00:00,Benz sal
0cfb5371-a7d1-4211-9003-51544986412f,2026-06-15T09:58:17.509270+00:00,Eucalipto
0cfb5371-a7d1-4211-9003-51544986412f,2026-06-15T09:58:17.509270+00:00,Citronelly acet
0cfb5371-a7d1-4211-9003-51544986412f,2026-06-15T09:58:17.509270+00:00,Sweet Potato
4ef353bf-282c-4f93-8e5b-a7b9c6bcff4a,2026-06-15T10:02:38.324115+00:00,Eucalipto
4ef353bf-282c-4f93-8e5b-a7b9c6bcff4a,2026-06-15T10:02:38.324115+00:00,Citronelly acet
4ef353bf-282c-4f93-8e5b-a7b9c6bcff4a,2026-06-15T10:02:38.324115+00:00,Lavendar oil
6ac26329-4bea-4890-962b-78ebacc63b25,2026-06-15T10:05:42.955759+00:00,Spearmint
6ac26329-4bea-4890-962b-78ebacc63b25,2026-06-15T10:05:42.955759+00:00,Garlic
6ac26329-4bea-4890-962b-78ebacc63b25,2026-06-15T10:05:42.955759+00:00,Cilantro
3536bff6-adb7-4f6f-9659-61fe570d942b,2026-06-15T10:11:20.681666+00:00,Eucalipto
3536bff6-adb7-4f6f-9659-61fe570d942b,2026-06-15T10:11:20.681666+00:00,Benz sal
3536bff6-adb7-4f6f-9659-61fe570d942b,2026-06-15T10:11:20.681666+00:00,Lavendar oil
b4f086aa-cdfa-44e2-9522-51d96c139642,2026-06-15T10:31:56.682724+00:00,Mate NHS
b4f086aa-cdfa-44e2-9522-51d96c139642,2026-06-15T10:31:56.682724+00:00,Cilantro
b4f086aa-cdfa-44e2-9522-51d96c139642,2026-06-15T10:31:56.682724+00:00,Lavendar oil
8dee56f2-6359-43a8-a5ee-de91880013ce,2026-06-15T10:34:35.676060+00:00,Garlic
8dee56f2-6359-43a8-a5ee-de91880013ce,2026-06-15T10:34:35.676060+00:00,Spearmint
8dee56f2-6359-43a8-a5ee-de91880013ce,2026-06-15T10:34:35.676060+00:00,Mugwort
91837d2d-b97a-466c-b4e2-fb649ae66cf1,2026-06-15T10:37:40.141089+00:00,Sweet Potato
91837d2d-b97a-466c-b4e2-fb649ae66cf1,2026-06-15T10:37:40.141089+00:00,Garlic
91837d2d-b97a-466c-b4e2-fb649ae66cf1,2026-06-15T10:37:40.141089+00:00,Cilantro
91837d2d-b97a-466c-b4e2-fb649ae66cf1,2026-06-15T10:37:40.141089+00:00,Spearmint
91837d2d-b97a-466c-b4e2-fb649ae66cf1,2026-06-15T10:37:40.141089+00:00,Angelica
6b625f23-9514-43cb-8d89-43b37ab86d09,2026-06-15T11:01:05.237636+00:00,Mate NHS
6b625f23-9514-43cb-8d89-43b37ab86d09,2026-06-15T11:01:05.237636+00:00,Eucalipto
6b625f23-9514-43cb-8d89-43b37ab86d09,2026-06-15T11:01:05.237636+00:00,Citronelly acet
6b625f23-9514-43cb-8d89-43b37ab86d09,2026-06-15T11:01:05.237636+00:00,Lavendar oil
449ab364-3e05-4a9f-b59c-5252d95e54d6,2026-06-15T11:05:02.521123+00:00,Citronelly acet
449ab364-3e05-4a9f-b59c-5252d95e54d6,2026-06-15T11:05:02.521123+00:00,Lavendar oil
449ab364-3e05-4a9f-b59c-5252d95e54d6,2026-06-15T11:05:02.521123+00:00,Mate NHS
1069e79b-3211-4b2e-96e8-dd1affc5b6d7,2026-06-15T11:10:12.794741+00:00,Mate NHS
1069e79b-3211-4b2e-96e8-dd1affc5b6d7,2026-06-15T11:10:12.794741+00:00,Angelica
1069e79b-3211-4b2e-96e8-dd1affc5b6d7,2026-06-15T11:10:12.794741+00:00,Lavendar oil
08860772-6396-458c-a80f-2f2dd7c7d188,2026-06-15T11:12:18.108610+00:00,Citronelly acet
08860772-6396-458c-a80f-2f2dd7c7d188,2026-06-15T11:12:18.108610+00:00,Benz sal
08860772-6396-458c-a80f-2f2dd7c7d188,2026-06-15T11:12:18.108610+00:00,Lavendar oil
b9b85e4e-fa4e-4071-9252-339944919ae8,2026-06-15T11:16:17.360740+00:00,Citronelly acet
b9b85e4e-fa4e-4071-9252-339944919ae8,2026-06-15T11:16:17.360740+00:00,Benz sal
b9b85e4e-fa4e-4071-9252-339944919ae8,2026-06-15T11:16:17.360740+00:00,Mate NHS
b884f48a-8d10-4e52-9352-e84305bfe6cf,2026-06-15T11:25:40.002616+00:00,Citronelly acet
b884f48a-8d10-4e52-9352-e84305bfe6cf,2026-06-15T11:25:40.002616+00:00,Lavendar oil
b884f48a-8d10-4e52-9352-e84305bfe6cf,2026-06-15T11:25:40.002616+00:00,Benz sal
b884f48a-8d10-4e52-9352-e84305bfe6cf,2026-06-15T11:25:40.002616+00:00,Eucalipto
4c3d7fde-5232-4266-9a69-44b36d51e4bc,2026-06-15T11:34:14.786019+00:00,Citronelly acet
4c3d7fde-5232-4266-9a69-44b36d51e4bc,2026-06-15T11:34:14.786019+00:00,Benz sal
4c3d7fde-5232-4266-9a69-44b36d51e4bc,2026-06-15T11:34:14.786019+00:00,Eucalipto
20fdb67e-d359-4f37-9d68-4b41e89c0d42,2026-06-15T11:42:17.999099+00:00,Garlic
20fdb67e-d359-4f37-9d68-4b41e89c0d42,2026-06-15T11:42:17.999099+00:00,Cilantro
20fdb67e-d359-4f37-9d68-4b41e89c0d42,2026-06-15T11:42:17.999099+00:00,Sweet Potato
85b0ed2c-92b9-48d7-bef4-aab0e616dcb1,2026-06-15T11:47:28.988314+00:00,Citronelly acet
85b0ed2c-92b9-48d7-bef4-aab0e616dcb1,2026-06-15T11:47:28.988314+00:00,Lavendar oil
85b0ed2c-92b9-48d7-bef4-aab0e616dcb1,2026-06-15T11:47:28.988314+00:00,Benz sal
b34e1fe1-0c4e-442f-8e14-1297b390b6a5,2026-06-16T02:57:50.302123+00:00,Sweet Potato
b34e1fe1-0c4e-442f-8e14-1297b390b6a5,2026-06-16T02:57:50.302123+00:00,Cilantro
b34e1fe1-0c4e-442f-8e14-1297b390b6a5,2026-06-16T02:57:50.302123+00:00,Spearmint
0ce1c54b-5891-4ba7-b8e5-5d29cda1dccb,2026-06-16T03:05:25.600558+00:00,Citronelly acet
0ce1c54b-5891-4ba7-b8e5-5d29cda1dccb,2026-06-16T03:05:25.600558+00:00,Lavendar oil
0ce1c54b-5891-4ba7-b8e5-5d29cda1dccb,2026-06-16T03:05:25.600558+00:00,Benz sal
ac976b58-bd56-4668-9f28-7a675d4f41b0,2026-06-16T03:42:31.739884+00:00,Citronelly acet
ac976b58-bd56-4668-9f28-7a675d4f41b0,2026-06-16T03:42:31.739884+00:00,Eucalipto
ac976b58-bd56-4668-9f28-7a675d4f41b0,2026-06-16T03:42:31.739884+00:00,Lavendar oil
0ee556c7-5d4b-4e72-8bd1-ed34b7137f64,2026-06-16T04:50:47.252054+00:00,Citronelly acet
0ee556c7-5d4b-4e72-8bd1-ed34b7137f64,2026-06-16T04:50:47.252054+00:00,Eucalipto
0ee556c7-5d4b-4e72-8bd1-ed34b7137f64,2026-06-16T04:50:47.252054+00:00,Lavendar oil
d489b4ad-3484-470d-bbe2-fbcbdb3cbaed,2026-06-16T05:26:12.017858+00:00,Eucalipto
d489b4ad-3484-470d-bbe2-fbcbdb3cbaed,2026-06-16T05:26:12.017858+00:00,Citronelly acet
d489b4ad-3484-470d-bbe2-fbcbdb3cbaed,2026-06-16T05:26:12.017858+00:00,Mate NHS
196a658c-4e58-4d4d-900c-76faa8f58cb6,2026-06-16T05:29:05.058781+00:00,Citronelly acet
196a658c-4e58-4d4d-900c-76faa8f58cb6,2026-06-16T05:29:05.058781+00:00,Lavendar oil
196a658c-4e58-4d4d-900c-76faa8f58cb6,2026-06-16T05:29:05.058781+00:00,Mate NHS
0739bea8-f3e4-433f-9937-187891a6dc26,2026-06-16T05:51:30.501419+00:00,Citronelly acet
0739bea8-f3e4-433f-9937-187891a6dc26,2026-06-16T05:51:30.501419+00:00,Lavendar oil
0739bea8-f3e4-433f-9937-187891a6dc26,2026-06-16T05:51:30.501419+00:00,Benz sal
5c1fc98c-2597-4c06-bb34-600c3ff3f372,2026-06-16T07:26:23.752319+00:00,Citronelly acet
5c1fc98c-2597-4c06-bb34-600c3ff3f372,2026-06-16T07:26:23.752319+00:00,Benz sal
5c1fc98c-2597-4c06-bb34-600c3ff3f372,2026-06-16T07:26:23.752319+00:00,Lavendar oil
76ed2b1a-7c8c-4282-8f25-2bba6f44d436,2026-06-16T09:01:16.753025+00:00,Sweet Potato
76ed2b1a-7c8c-4282-8f25-2bba6f44d436,2026-06-16T09:01:16.753025+00:00,Garlic
76ed2b1a-7c8c-4282-8f25-2bba6f44d436,2026-06-16T09:01:16.753025+00:00,Cilantro
6ea73c8a-8175-443f-b892-97073aa344c2,2026-06-16T09:01:35.268351+00:00,Sweet Potato
6ea73c8a-8175-443f-b892-97073aa344c2,2026-06-16T09:01:35.268351+00:00,Cilantro
6ea73c8a-8175-443f-b892-97073aa344c2,2026-06-16T09:01:35.268351+00:00,Spearmint
242bdc28-c065-4a7a-8904-9400108a6f25,2026-06-16T09:03:55.995921+00:00,Sweet Potato
242bdc28-c065-4a7a-8904-9400108a6f25,2026-06-16T09:03:55.995921+00:00,Cilantro
242bdc28-c065-4a7a-8904-9400108a6f25,2026-06-16T09:03:55.995921+00:00,Garlic
242bdc28-c065-4a7a-8904-9400108a6f25,2026-06-16T09:03:55.995921+00:00,Spearmint
29865c41-afea-48bf-a134-b7b7eea12b53,2026-06-16T09:05:15.862877+00:00,Sweet Potato
29865c41-afea-48bf-a134-b7b7eea12b53,2026-06-16T09:05:15.862877+00:00,Angelica
29865c41-afea-48bf-a134-b7b7eea12b53,2026-06-16T09:05:15.862877+00:00,Cilantro
dda3afe5-5930-48ce-8eb7-094465995e39,2026-06-16T09:12:44.390553+00:00,Citronelly acet
dda3afe5-5930-48ce-8eb7-094465995e39,2026-06-16T09:12:44.390553+00:00,Cilantro
dda3afe5-5930-48ce-8eb7-094465995e39,2026-06-16T09:12:44.390553+00:00,Sweet Potato
a806d0a1-28ef-4f30-9ac9-abea536f76ff,2026-06-16T09:13:24.163089+00:00,Citronelly acet
a806d0a1-28ef-4f30-9ac9-abea536f76ff,2026-06-16T09:13:24.163089+00:00,Lavendar oil
a806d0a1-28ef-4f30-9ac9-abea536f76ff,2026-06-16T09:13:24.163089+00:00,Spearmint
0c7a7637-24dd-4ab0-8d6a-cc51f42c6b78,2026-06-16T09:14:28.176798+00:00,Sweet Potato
0c7a7637-24dd-4ab0-8d6a-cc51f42c6b78,2026-06-16T09:14:28.176798+00:00,Cilantro
0c7a7637-24dd-4ab0-8d6a-cc51f42c6b78,2026-06-16T09:14:28.176798+00:00,Citronelly acet
04bae216-725b-4cd0-84dd-9c56653e3df9,2026-06-16T09:57:05.644399+00:00,Citronelly acet
04bae216-725b-4cd0-84dd-9c56653e3df9,2026-06-16T09:57:05.644399+00:00,Mate NHS
ad4c1f78-0f53-409b-88d7-55df2823aa3a,2026-06-16T09:57:32.699119+00:00,Garlic
ad4c1f78-0f53-409b-88d7-55df2823aa3a,2026-06-16T09:57:32.699119+00:00,Cilantro
ad4c1f78-0f53-409b-88d7-55df2823aa3a,2026-06-16T09:57:32.699119+00:00,Spearmint
ab0c31c2-923a-4d52-9aa7-6a21f51146b0,2026-06-16T10:03:22.395017+00:00,Garlic
ab0c31c2-923a-4d52-9aa7-6a21f51146b0,2026-06-16T10:03:22.395017+00:00,Angelica
ab0c31c2-923a-4d52-9aa7-6a21f51146b0,2026-06-16T10:03:22.395017+00:00,Sweet Potato
ab0c31c2-923a-4d52-9aa7-6a21f51146b0,2026-06-16T10:03:22.395017+00:00,Spearmint
fc7daf34-82b9-4573-8abb-026a1ded4f45,2026-06-16T10:06:50.182900+00:00,Sweet Potato
fc7daf34-82b9-4573-8abb-026a1ded4f45,2026-06-16T10:06:50.182900+00:00,Garlic
fc7daf34-82b9-4573-8abb-026a1ded4f45,2026-06-16T10:06:50.182900+00:00,Cilantro
fc7daf34-82b9-4573-8abb-026a1ded4f45,2026-06-16T10:06:50.182900+00:00,Spearmint
